-- Adminer 4.3.1 MySQL dump

SET NAMES utf8;
SET time_zone = '+00:00';
SET foreign_key_checks = 0;
SET sql_mode = 'NO_AUTO_VALUE_ON_ZERO';

CREATE TABLE `autodial_campaign_detail` (
  `id` int(11) NOT NULL AUTO_INCREMENT,
  `batch_id` int(11) NOT NULL,
  `contact_no` varchar(20) NOT NULL,
  `contact_no2` varchar(20) NOT NULL,
  `contact_no3` varchar(20) NOT NULL,
  `firstname` varchar(255) NOT NULL,
  `decription` text NOT NULL,
  `lang` varchar(100) NOT NULL,
  `campaign_id` int(11) NOT NULL,
  `lastname` varchar(255) NOT NULL,
  PRIMARY KEY (`id`),
  KEY `batch_id` (`batch_id`),
  CONSTRAINT `autodial_campaign_detail_ibfk_1` FOREIGN KEY (`batch_id`) REFERENCES `autodial_csv_master` (`batch_id`)
) ENGINE=InnoDB DEFAULT CHARSET=latin1;

INSERT INTO `autodial_campaign_detail` (`id`, `batch_id`, `contact_no`, `contact_no2`, `contact_no3`, `firstname`, `decription`, `lang`, `campaign_id`, `lastname`) VALUES
(8,	25,	'772423425',	'772423425',	'772423425',	'Charini',	'iPhonick Sample Data',	'SINHALA',	2,	''),
(9,	25,	'760194535',	'760194535',	'760194535',	'Thasby',	'iPhonick Sample Data',	'ENGLISH',	2,	''),
(10,	25,	'9715278937',	'9715278937',	'9715278937',	'Bashini',	'iPhonick Sample Data',	'TAMIL',	2,	''),
(22,	29,	'716552026',	'716552026',	'716552026',	'Sanjeewa',	'iPhonick Sample Data',	'SINHALA',	5,	''),
(23,	29,	'757602040',	'757602040',	'757602040',	'Sachith',	'iPhonick Sample Data',	'TAMIL',	5,	''),
(24,	29,	'769167753',	'769167753',	'769167753',	'Vinod',	'iPhonick Sample Data',	'ENGLISH',	5,	''),
(25,	29,	'714230885',	'714230885',	'714230885',	'Madhushika',	'iPhonick Sample Data',	'SINHALA',	5,	''),
(26,	30,	'716552026',	'716552026',	'716552026',	'Sanjeewa',	'iPhonick Sample Data',	'SINHALA',	6,	''),
(27,	30,	'714230885',	'714230885',	'714230885',	'Madhushika',	'iPhonick Sample Data',	'SINHALA',	6,	''),
(28,	30,	'769167753',	'769167753',	'769167753',	'Vinod',	'iPhonick Sample Data',	'ENGLISH',	6,	''),
(29,	30,	'757602040',	'757602040',	'757602040',	'Sachith',	'iPhonick Sample Data',	'TAMIL',	6,	''),
(30,	31,	'714230885',	'714230885',	'714230885',	'Madhushika',	'iPhonick Sample Data',	'SINHALA',	7,	''),
(31,	31,	'769167753',	'769167753',	'769167753',	'Vinod',	'iPhonick Sample Data',	'ENGLISH',	7,	''),
(32,	31,	'716552026',	'716552026',	'716552026',	'Sanjeewa',	'iPhonick Sample Data',	'SINHALA',	7,	''),
(33,	31,	'757602040',	'757602040',	'757602040',	'Sachith',	'iPhonick Sample Data',	'TAMIL',	7,	''),
(34,	32,	'716552026',	'716552026',	'716552026',	'sanjeewa',	'iPhonick Sample Data',	'SINHALA',	8,	''),
(35,	32,	'759250208',	'759250208',	'759250208',	'home',	'iPhonick Sample Data',	'ENGLISH',	8,	''),
(36,	32,	'777805804',	'777805804',	'777805804',	'support',	'iPhonick Sample Data',	'TAMIL',	8,	''),
(37,	33,	'769167753',	'769167753',	'769167753',	'Vinod',	'iPhonick Sample Data',	'ENGLISH',	9,	''),
(38,	33,	'714230885',	'714230885',	'714230885',	'Madhushika',	'iPhonick Sample Data',	'SINHALA',	9,	''),
(39,	33,	'716552026',	'716552026',	'716552026',	'Sanjeewa',	'iPhonick Sample Data',	'SINHALA',	9,	''),
(40,	33,	'757602040',	'757602040',	'757602040',	'Sachith',	'iPhonick Sample Data',	'TAMIL',	9,	''),
(41,	34,	'769167753',	'769167753',	'769167753',	'vinod',	'iPhonick Sample Data',	'ENGLISH',	10,	''),
(42,	34,	'775223154',	'775223154',	'775223154',	'pasindu',	'iPhonick Sample Data',	'TAMIL',	10,	''),
(43,	34,	'716552026',	'716552026',	'716552026',	'sanjeewa',	'iPhonick Sample Data',	'SINHALA',	10,	''),
(44,	34,	'777805804',	'777805804',	'777805804',	'iphonik',	'iPhonick Sample Data',	'TAMIL',	10,	''),
(45,	34,	'714230885',	'714230885',	'714230885',	'madushika',	'iPhonick Sample Data',	'SINHALA',	10,	''),
(46,	34,	'757602040',	'757602040',	'757602040',	'sachith',	'iPhonick Sample Data',	'ENGLISH',	10,	''),
(47,	35,	'769167753',	'769167753',	'769167753',	'vinod',	'iPhonick Sample Data',	'ENGLISH',	11,	''),
(48,	35,	'757602040',	'757602040',	'757602040',	'sachith',	'iPhonick Sample Data',	'ENGLISH',	11,	''),
(49,	35,	'714230885',	'714230885',	'714230885',	'madushika',	'iPhonick Sample Data',	'SINHALA',	11,	''),
(50,	35,	'775223154',	'775223154',	'775223154',	'pasindu',	'iPhonick Sample Data',	'TAMIL',	11,	''),
(51,	35,	'716552026',	'716552026',	'716552026',	'sanjeewa',	'iPhonick Sample Data',	'SINHALA',	11,	''),
(52,	35,	'777805804',	'777805804',	'777805804',	'iphonik',	'iPhonick Sample Data',	'TAMIL',	11,	''),
(53,	36,	'772423425',	'772423425',	'772423425',	'Charini',	'iPhonick Sample Data',	'SINHALA',	12,	''),
(54,	36,	'760194535',	'760194535',	'760194535',	'Thasby',	'iPhonick Sample Data',	'ENGLISH',	12,	''),
(55,	36,	'9715278937',	'9715278937',	'9715278937',	'Bashini',	'iPhonick Sample Data',	'TAMIL',	12,	''),
(56,	37,	'757602040',	'757602040',	'757602040',	'sachith',	'iPhonick Sample Data',	'ENGLISH',	13,	''),
(57,	37,	'777805804',	'777805804',	'777805804',	'iphonik',	'iPhonick Sample Data',	'TAMIL',	13,	''),
(58,	37,	'716552026',	'716552026',	'716552026',	'sanjeewa',	'iPhonick Sample Data',	'SINHALA',	13,	''),
(59,	37,	'714230885',	'714230885',	'714230885',	'madushika',	'iPhonick Sample Data',	'SINHALA',	13,	''),
(60,	37,	'775223154',	'775223154',	'775223154',	'pasindu',	'iPhonick Sample Data',	'TAMIL',	13,	''),
(61,	37,	'769167753',	'769167753',	'769167753',	'vinod',	'iPhonick Sample Data',	'ENGLISH',	13,	''),
(62,	39,	'772423425',	'772423425',	'772423425',	'Charini',	'iPhonick Sample Data',	'SINHALA',	14,	''),
(63,	39,	'760194535',	'760194535',	'760194535',	'Thasby',	'iPhonick Sample Data',	'ENGLISH',	14,	''),
(64,	39,	'9715278937',	'9715278937',	'9715278937',	'Bashini',	'iPhonick Sample Data',	'TAMIL',	14,	''),
(65,	40,	'757602040',	'757602040',	'757602040',	'sachith',	'iPhonick Sample Data',	'ENGLISH',	15,	''),
(66,	40,	'777805804',	'777805804',	'777805804',	'iphonik',	'iPhonick Sample Data',	'TAMIL',	15,	''),
(67,	40,	'716552026',	'716552026',	'716552026',	'sanjeewa',	'iPhonick Sample Data',	'SINHALA',	15,	''),
(68,	40,	'714230885',	'714230885',	'714230885',	'madushika',	'iPhonick Sample Data',	'SINHALA',	15,	''),
(69,	40,	'775223154',	'775223154',	'775223154',	'pasindu',	'iPhonick Sample Data',	'TAMIL',	15,	''),
(70,	40,	'769167753',	'769167753',	'769167753',	'vinod',	'iPhonick Sample Data',	'ENGLISH',	15,	''),
(71,	41,	'775223154',	'775223154',	'775223154',	'pasindu',	'iPhonick Sample Data',	'TAMIL',	16,	''),
(72,	41,	'714230885',	'714230885',	'714230885',	'madushika',	'iPhonick Sample Data',	'SINHALA',	16,	''),
(73,	41,	'757602040',	'757602040',	'757602040',	'sachith',	'iPhonick Sample Data',	'ENGLISH',	16,	''),
(74,	41,	'777805804',	'777805804',	'777805804',	'iphonik',	'iPhonick Sample Data',	'TAMIL',	16,	''),
(75,	41,	'716552026',	'716552026',	'716552026',	'sanjeewa',	'iPhonick Sample Data',	'SINHALA',	16,	''),
(76,	41,	'769167753',	'769167753',	'769167753',	'vinod',	'iPhonick Sample Data',	'ENGLISH',	16,	''),
(77,	42,	'769167753',	'769167753',	'769167753',	'vinod',	'iPhonick Sample Data',	'ENGLISH',	17,	''),
(78,	42,	'775223154',	'775223154',	'775223154',	'pasindu',	'iPhonick Sample Data',	'TAMIL',	17,	''),
(79,	42,	'714230885',	'714230885',	'714230885',	'madushika',	'iPhonick Sample Data',	'SINHALA',	17,	''),
(80,	42,	'777805804',	'777805804',	'777805804',	'iphonik',	'iPhonick Sample Data',	'TAMIL',	17,	''),
(81,	42,	'757602040',	'757602040',	'757602040',	'sachith',	'iPhonick Sample Data',	'ENGLISH',	17,	''),
(82,	42,	'716552026',	'716552026',	'716552026',	'sanjeewa',	'iPhonick Sample Data',	'SINHALA',	17,	''),
(83,	43,	'772423425',	'772423425',	'772423425',	'Charini',	'iPhonick Sample Data',	'SINHALA',	18,	''),
(84,	43,	'760194535',	'760194535',	'760194535',	'Thasby',	'iPhonick Sample Data',	'ENGLISH',	18,	''),
(85,	43,	'9715278937',	'9715278937',	'9715278937',	'Bashini',	'iPhonick Sample Data',	'TAMIL',	18,	''),
(86,	44,	'769167753',	'769167753',	'769167753',	'vinod',	'iPhonick Sample Data',	'ENGLISH',	19,	''),
(87,	44,	'775223154',	'775223154',	'775223154',	'pasindu',	'iPhonick Sample Data',	'TAMIL',	19,	''),
(88,	44,	'716552026',	'716552026',	'716552026',	'sanjeewa',	'iPhonick Sample Data',	'SINHALA',	19,	''),
(89,	44,	'714230885',	'714230885',	'714230885',	'madushika',	'iPhonick Sample Data',	'SINHALA',	19,	''),
(90,	44,	'757602040',	'757602040',	'757602040',	'sachith',	'iPhonick Sample Data',	'ENGLISH',	19,	''),
(91,	44,	'777805804',	'777805804',	'777805804',	'iphonik',	'iPhonick Sample Data',	'TAMIL',	19,	''),
(92,	45,	'769167753',	'769167753',	'769167753',	'vinod',	'iPhonick Sample Data',	'ENGLISH',	20,	''),
(93,	45,	'775223154',	'775223154',	'775223154',	'pasindu',	'iPhonick Sample Data',	'TAMIL',	20,	''),
(94,	45,	'714230885',	'714230885',	'714230885',	'madushika',	'iPhonick Sample Data',	'SINHALA',	20,	''),
(95,	45,	'757602040',	'757602040',	'757602040',	'sachith',	'iPhonick Sample Data',	'ENGLISH',	20,	''),
(96,	45,	'716552026',	'716552026',	'716552026',	'sanjeewa',	'iPhonick Sample Data',	'SINHALA',	20,	''),
(97,	45,	'777805804',	'777805804',	'777805804',	'iphonik',	'iPhonick Sample Data',	'TAMIL',	20,	''),
(98,	46,	'716552026',	'716552026',	'716552026',	'sanjeewa',	'iPhonick Sample Data',	'SINHALA',	21,	''),
(99,	46,	'757602040',	'757602040',	'757602040',	'sachith',	'iPhonick Sample Data',	'ENGLISH',	21,	''),
(100,	47,	'716552026',	'716552026',	'716552026',	'sanjeewa',	'iPhonick Sample Data',	'SINHALA',	22,	''),
(101,	47,	'757602040',	'757602040',	'757602040',	'sachith',	'iPhonick Sample Data',	'ENGLISH',	22,	''),
(102,	48,	'716552026',	'716552026',	'716552026',	'sanjeewa',	'iPhonick Sample Data',	'SINHALA',	23,	''),
(103,	48,	'757602040',	'757602040',	'757602040',	'sachith',	'iPhonick Sample Data',	'ENGLISH',	23,	''),
(104,	49,	'716552026',	'716552026',	'716552026',	'sanjeewa',	'iPhonick Sample Data',	'SINHALA',	24,	''),
(105,	49,	'757602040',	'757602040',	'757602040',	'sachith',	'iPhonick Sample Data',	'ENGLISH',	24,	''),
(106,	50,	'772423425',	'772423425',	'772423425',	'Charini',	'iPhonick Sample Data',	'SINHALA',	25,	''),
(107,	50,	'9715278937',	'9715278937',	'9715278937',	'Bashini',	'iPhonick Sample Data',	'TAMIL',	25,	''),
(108,	50,	'760194535',	'760194535',	'760194535',	'Thasby',	'iPhonick Sample Data',	'ENGLISH',	25,	''),
(109,	51,	'776546061',	'776546061',	'776546061',	'Samith',	'iPhonick Sample Data',	'ENGLISH',	26,	''),
(110,	51,	'716552026',	'716552026',	'716552026',	'sanjeewa',	'iPhonick Sample Data',	'SINHALA',	26,	''),
(111,	51,	'757602040',	'757602040',	'757602040',	'sachith',	'iPhonick Sample Data',	'ENGLISH',	26,	''),
(112,	52,	'772423425',	'772423425',	'772423425',	'Charini',	'iPhonick Sample Data',	'SINHALA',	27,	''),
(113,	52,	'760194535',	'760194535',	'760194535',	'Thasby',	'iPhonick Sample Data',	'ENGLISH',	27,	''),
(114,	52,	'9715278937',	'9715278937',	'9715278937',	'Bashini',	'iPhonick Sample Data',	'TAMIL',	27,	''),
(115,	53,	'716552026',	'716552026',	'716552026',	'Sanjeewa',	'Iphonik',	'ENGLISH',	28,	''),
(116,	53,	'757602040',	'757602040',	'757602040',	'Sachith',	'Iphonik',	'SINHALA',	28,	''),
(117,	54,	'716552026',	'716552026',	'716552026',	'Sanjeewa',	'Iphonik',	'ENGLISH',	29,	''),
(118,	54,	'757602040',	'757602040',	'757602040',	'Sachith',	'Iphonik',	'SINHALA',	29,	''),
(119,	55,	'777805804',	'777805804',	'777805804',	'iphonik_call_senter',	'iPhonick Sample Data',	'TAMIL',	30,	''),
(120,	55,	'716552026',	'716552026',	'716552026',	'sanjeewa',	'iPhonick Sample Data',	'SINHALA',	30,	''),
(121,	56,	'777805804',	'777805804',	'777805804',	'Braba',	'iPhonick Sample Data',	'TAMIL',	31,	''),
(122,	56,	'716552026',	'716552026',	'716552026',	'Tashi',	'iPhonick Sample Data',	'SINHALA',	31,	''),
(123,	57,	'777805804',	'777805804',	'777805804',	'Braba',	'iPhonick Sample Data',	'TAMIL',	32,	''),
(124,	57,	'716552026',	'716552026',	'716552026',	'Tashi',	'iPhonick Sample Data',	'SINHALA',	32,	''),
(125,	58,	'777805804',	'777805804',	'777805804',	'Braba',	'iPhonick Sample Data',	'TAMIL',	33,	''),
(126,	58,	'716552026',	'716552026',	'716552026',	'Tashi',	'iPhonick Sample Data',	'SINHALA',	33,	''),
(127,	60,	'772423425',	'772423425',	'772423425',	'Charini',	'iPhonick Sample Data',	'SINHALA',	34,	''),
(128,	60,	'760194535',	'760194535',	'760194535',	'Thasby',	'iPhonick Sample Data',	'ENGLISH',	34,	''),
(129,	60,	'9715278937',	'9715278937',	'9715278937',	'Bashini',	'iPhonick Sample Data',	'TAMIL',	34,	''),
(130,	61,	'9715278937',	'9715278937',	'9715278937',	'Bashini',	'iPhonick Sample Data',	'TAMIL',	35,	''),
(131,	61,	'760194535',	'760194535',	'760194535',	'Thasby',	'iPhonick Sample Data',	'ENGLISH',	35,	''),
(132,	61,	'772423425',	'772423425',	'772423425',	'Charini',	'iPhonick Sample Data',	'SINHALA',	35,	''),
(133,	62,	'772104404',	'772104404',	'772104404',	'INT',	'data2',	'ENGLISH',	36,	''),
(134,	62,	'777805804',	'777805804',	'777805804',	'HL',	'data1',	'SINHALA',	36,	''),
(135,	63,	'0097152789',	'0097152789',	'0097152789',	'INT',	'data2',	'ENGLISH',	37,	''),
(136,	63,	'777805804',	'777805804',	'777805804',	'HL',	'data1',	'SINHALA',	37,	''),
(137,	64,	'0097152789',	'0097152789',	'0097152789',	'IDD',	'data2',	'ENGLISH',	38,	''),
(138,	64,	'777805804',	'777805804',	'777805804',	'HL',	'data1',	'SINHALA',	38,	''),
(139,	65,	'0097152789',	'0097152789',	'0097152789',	'INT',	'data2',	'ENGLISH',	39,	''),
(140,	65,	'0757602040',	'0757602040',	'0757602040',	'HL',	'data1',	'SINHALA',	39,	''),
(141,	66,	'0097152789',	'0097152789',	'0097152789',	'INT',	'data2',	'ENGLISH',	40,	''),
(142,	66,	'757602040',	'757602040',	'757602040',	'HL',	'data1',	'SINHALA',	40,	''),
(143,	68,	'00971527893705',	'00971527893705',	'00971527893705',	'INT',	'data2',	'ENGLISH',	41,	''),
(144,	68,	'757602040',	'757602040',	'757602040',	'HL',	'data1',	'SINHALA',	41,	''),
(145,	69,	'00971527893705',	'00971527893705',	'00971527893705',	'INT',	'data2',	'ENGLISH',	42,	''),
(146,	69,	'757602040',	'757602040',	'757602040',	'HL',	'data1',	'SINHALA',	42,	''),
(147,	70,	'760194535',	'760194535',	'760194535',	'Thasby',	'iPhonick Sample Data',	'ENGLISH',	43,	''),
(148,	70,	'772423425',	'772423425',	'772423425',	'Charini',	'iPhonick Sample Data',	'SINHALA',	43,	''),
(149,	70,	'971527893705',	'971527893705',	'00971527893705',	'Bashini',	'iPhonick Sample Data',	'TAMIL',	43,	''),
(150,	71,	'00971527893705',	'00971527893705',	'00971527893705',	'Bashini',	'iPhonick Sample Data',	'TAMIL',	44,	''),
(151,	71,	'760194535',	'760194535',	'760194535',	'Thasby',	'iPhonick Sample Data',	'ENGLISH',	44,	''),
(152,	71,	'772423425',	'772423425',	'772423425',	'Charini',	'iPhonick Sample Data',	'SINHALA',	44,	''),
(153,	72,	'00971527893705',	'00971527893705',	'00971527893705',	'Bashini',	'iPhonick Sample Data',	'TAMIL',	45,	''),
(154,	72,	'757602040',	'757602040',	'757602040',	'Sachith',	'iPhonick Sample Data',	'ENGLISH',	45,	''),
(155,	73,	'760194535',	'760194535',	'760194535',	'Thasby',	'iPhonick Sample Data',	'ENGLISH',	46,	''),
(156,	73,	'00971527893705',	'00971527893705',	'00971527893705',	'Bashini',	'iPhonick Sample Data',	'TAMIL',	46,	''),
(157,	73,	'772423425',	'772423425',	'772423425',	'Charini',	'iPhonick Sample Data',	'SINHALA',	46,	''),
(158,	74,	'00971527893705',	'00971527893705',	'00971527893705',	'Bashini',	'iPhonick Sample Data',	'TAMIL',	47,	''),
(159,	74,	'772423425',	'772423425',	'772423425',	'Charini',	'iPhonick Sample Data',	'SINHALA',	47,	''),
(160,	74,	'760194535',	'760194535',	'760194535',	'Thasby',	'iPhonick Sample Data',	'ENGLISH',	47,	''),
(161,	75,	'716552026',	'716552026',	'716552026',	'Tashi',	'iPhonick Sample Data',	'SINHALA',	48,	''),
(162,	75,	'714230885',	'714230885',	'714230885',	'Braba',	'iPhonick Sample Data',	'TAMIL',	48,	''),
(163,	76,	'00971527893705',	'00971527893705',	'00971527893705',	'Bashini',	'iPhonick Sample Data',	'TAMIL',	49,	''),
(164,	76,	'772423425',	'772423425',	'772423425',	'Charini',	'iPhonick Sample Data',	'SINHALA',	49,	''),
(165,	76,	'760194535',	'760194535',	'760194535',	'Thasby',	'iPhonick Sample Data',	'ENGLISH',	49,	''),
(166,	77,	'772423425',	'772423425',	'772423425',	'Charini',	'iPhonick Sample Data',	'SINHALA',	50,	''),
(167,	77,	'00971527893705',	'00971527893705',	'00971527893705',	'Bashini',	'iPhonick Sample Data',	'TAMIL',	50,	''),
(168,	77,	'760194535',	'760194535',	'760194535',	'Thasby',	'iPhonick Sample Data',	'ENGLISH',	50,	''),
(169,	78,	'00971527893705',	'00971527893705',	'00971527893705',	'Bashini',	'iPhonick Sample Data',	'TAMIL',	51,	''),
(170,	78,	'772423425',	'772423425',	'772423425',	'Charini',	'iPhonick Sample Data',	'SINHALA',	51,	''),
(171,	78,	'760194535',	'760194535',	'760194535',	'Thasby',	'iPhonick Sample Data',	'ENGLISH',	51,	''),
(172,	81,	'00971527893705',	'00971527893705',	'00971527893705',	'Bashini',	'iPhonick Sample Data',	'TAMIL',	52,	''),
(173,	81,	'760194535',	'760194535',	'760194535',	'Thasby',	'iPhonick Sample Data',	'ENGLISH',	52,	''),
(174,	81,	'772423425',	'772423425',	'772423425',	'Charini',	'iPhonick Sample Data',	'SINHALA',	52,	''),
(175,	84,	'716552026',	'716552026',	'716552026',	'Tashi',	'iPhonick Sample Data',	'SINHALA',	53,	''),
(176,	84,	'777805804',	'777805804',	'777805804',	'Braba',	'iPhonick Sample Data',	'TAMIL',	53,	''),
(177,	88,	'716552026',	'716552026',	'716552026',	'Tashi',	'iPhonick Sample Data',	'SINHALA',	54,	''),
(178,	88,	'777805804',	'777805804',	'777805804',	'Braba',	'iPhonick Sample Data',	'TAMIL',	54,	''),
(179,	93,	'716552026',	'716552026',	'716552026',	'sanjeewa',	'iPhonick Sample Data',	'SINHALA',	55,	''),
(181,	93,	'777805804',	'777805804',	'777805804',	'iphonik',	'iPhonick Sample Data',	'TAMIL',	55,	''),
(183,	97,	'716552026',	'716552026',	'716552026',	'sanjeewa',	'iPhonick Sample Data',	'SINHALA',	57,	''),
(185,	97,	'777805804',	'777805804',	'777805804',	'iphonik',	'iPhonick Sample Data',	'TAMIL',	57,	''),
(187,	99,	'716552026',	'716552026',	'716552026',	'sanjeewa',	'iPhonick Sample Data',	'SINHALA',	59,	''),
(189,	99,	'777805804',	'777805804',	'777805804',	'iphonik',	'iPhonick Sample Data',	'TAMIL',	59,	''),
(191,	101,	'716552026',	'716552026',	'716552026',	'sanjeewa',	'iPhonick Sample Data',	'SINHALA',	61,	''),
(193,	101,	'777805804',	'777805804',	'777805804',	'iphonik',	'iPhonick Sample Data',	'TAMIL',	61,	''),
(195,	107,	'776546061',	'776546061',	'776546061',	'Samith',	'iPhonick Sample Data',	'SINHALA',	61,	''),
(197,	107,	'740055461',	'740055461',	'740055461',	'hikka',	'iPhonick Sample Data',	'TAMIL',	61,	''),
(199,	109,	'716552026',	'716552026',	'716552026',	'sanjeewa',	'iPhonick Sample Data',	'SINHALA',	63,	''),
(201,	109,	'777805804',	'777805804',	'777805804',	'iphonik',	'iPhonick Sample Data',	'TAMIL',	63,	''),
(202,	110,	'777805804',	'777805804',	'777805804',	'iphonik',	'iPhonick Sample Data',	'TAMIL',	64,	''),
(204,	110,	'716552026',	'716552026',	'716552026',	'sanjeewa',	'iPhonick Sample Data',	'SINHALA',	64,	''),
(205,	113,	'776546061',	'776546061',	'776546061',	'Samith',	'iPhonick Sample Data',	'SINHALA',	64,	''),
(207,	113,	'740055461',	'740055461',	'740055461',	'hikka',	'iPhonick Sample Data',	'TAMIL',	64,	''),
(208,	114,	'716552026',	'716552026',	'716552026',	'sanjeewa',	'iPhonick Sample Data',	'SINHALA',	66,	''),
(210,	114,	'777805804',	'777805804',	'777805804',	'iphonik',	'iPhonick Sample Data',	'TAMIL',	66,	''),
(211,	119,	'716552026',	'716552026',	'716552026',	'sanjeewa',	'iPhonick Sample Data',	'SINHALA',	67,	''),
(213,	119,	'777805804',	'777805804',	'777805804',	'iphonik',	'iPhonick Sample Data',	'TAMIL',	67,	''),
(215,	121,	'716552026',	'716552026',	'716552026',	'sanjeewa',	'iPhonick Sample Data',	'SINHALA',	69,	''),
(217,	121,	'777805804',	'777805804',	'777805804',	'iphonik',	'iPhonick Sample Data',	'TAMIL',	69,	''),
(219,	127,	'716552026',	'716552026',	'716552026',	'sanjeewa',	'iPhonick Sample Data',	'SINHALA',	71,	''),
(221,	127,	'777805804',	'777805804',	'777805804',	'iphonik',	'iPhonick Sample Data',	'TAMIL',	71,	''),
(223,	129,	'772423425',	'772423425',	'772423425',	'Charini',	'Feedback',	'SINHALA',	73,	''),
(225,	129,	'0760194535',	'0760194535',	'0760194535',	'Thasbeeha',	'MEB-1234',	'TAMIL',	73,	''),
(227,	129,	'00971527893705',	'00971527893705',	'00971527893705',	'Bashini',	'Ebankin123',	'ENGLISH',	73,	'');

CREATE TABLE `autodial_campaign_master` (
  `campaign_id` int(11) NOT NULL AUTO_INCREMENT,
  `campaign_name` varchar(45) NOT NULL,
  `user_id` int(11) DEFAULT NULL,
  `created_date` datetime DEFAULT NULL,
  `start` datetime DEFAULT NULL,
  `end` datetime DEFAULT NULL,
  `tam_ivr` int(11) DEFAULT NULL,
  `eng_ivr` int(11) DEFAULT NULL,
  `sin_ivr` int(11) DEFAULT NULL,
  `status` tinyint(1) DEFAULT NULL,
  `wait_time` int(11) DEFAULT NULL,
  `db` int(11) DEFAULT NULL,
  `cc` int(11) DEFAULT NULL,
  `srvyqngrp_id` int(11) DEFAULT 1,
  PRIMARY KEY (`campaign_id`) USING BTREE
) ENGINE=InnoDB DEFAULT CHARSET=utf8;

INSERT INTO `autodial_campaign_master` (`campaign_id`, `campaign_name`, `user_id`, `created_date`, `start`, `end`, `tam_ivr`, `eng_ivr`, `sin_ivr`, `status`, `wait_time`, `db`, `cc`, `srvyqngrp_id`) VALUES
(1,	'promotion',	1,	'2021-05-04 12:59:44',	'2021-05-04 00:00:00',	'2021-05-31 23:59:59',	NULL,	NULL,	NULL,	0,	1,	NULL,	1,	1),
(2,	'TEST',	1,	'2021-05-25 14:03:28',	'2021-05-25 00:00:00',	'2021-06-30 00:00:59',	NULL,	NULL,	NULL,	0,	1,	NULL,	1,	1),
(3,	'new1',	1,	'2021-05-26 08:17:30',	'2021-05-26 00:00:00',	'2021-05-31 23:59:59',	NULL,	NULL,	NULL,	0,	2,	NULL,	1,	0),
(4,	'test2',	1,	'2021-05-26 16:09:08',	'2021-05-26 00:00:00',	'2021-05-31 23:59:59',	NULL,	NULL,	NULL,	0,	2,	NULL,	1,	1),
(5,	'Test3',	1,	'2021-05-27 22:30:35',	'2021-05-27 00:00:00',	'2021-05-31 23:59:59',	NULL,	NULL,	NULL,	0,	10,	NULL,	1,	1),
(6,	'Test4',	1,	'2021-05-28 10:29:32',	'2021-05-28 00:00:00',	'2021-05-31 23:59:59',	NULL,	NULL,	NULL,	0,	10,	NULL,	1,	0),
(7,	'Test5',	1,	'2021-05-28 10:34:56',	'2021-05-28 00:00:00',	'2021-05-31 23:59:59',	NULL,	NULL,	NULL,	0,	10,	NULL,	1,	2),
(8,	'new_test',	1,	'2021-05-29 10:41:53',	'2021-05-29 00:00:00',	'2021-05-31 23:59:59',	NULL,	NULL,	NULL,	0,	10,	NULL,	1,	1),
(9,	'TestIphonik',	1,	'2021-05-30 18:13:03',	'2021-05-30 00:00:00',	'2021-05-31 23:59:59',	NULL,	NULL,	NULL,	0,	10,	NULL,	1,	4),
(10,	'new test',	1,	'2021-05-31 21:18:12',	'2021-05-31 00:00:00',	'2021-05-31 23:59:59',	NULL,	NULL,	NULL,	0,	10,	NULL,	1,	0),
(11,	'new test',	1,	'2021-05-31 21:49:07',	'2021-05-31 00:00:00',	'2021-07-01 00:00:59',	NULL,	NULL,	NULL,	0,	10,	NULL,	1,	4),
(12,	'TEST 1',	1,	'2021-06-09 16:13:29',	'2021-06-09 00:00:00',	'2021-06-30 23:59:59',	NULL,	NULL,	NULL,	0,	10,	NULL,	1,	4),
(13,	'test_iphonik',	1,	'2021-06-09 23:19:58',	'2021-06-09 00:00:00',	'2021-06-30 23:59:59',	NULL,	NULL,	NULL,	0,	10,	NULL,	1,	4),
(14,	'TEST',	1,	'2021-06-21 15:38:05',	'2021-06-21 00:00:00',	'2021-06-30 23:59:59',	NULL,	NULL,	NULL,	0,	1,	NULL,	1,	3),
(15,	'TestIphonik2',	1,	'2021-06-21 22:22:11',	'2021-06-21 00:00:00',	'2021-06-30 23:59:59',	NULL,	NULL,	NULL,	0,	10,	NULL,	1,	2),
(16,	'TestIphonik5',	1,	'2021-06-22 10:22:45',	'2021-06-22 00:00:00',	'2021-06-30 23:59:59',	NULL,	NULL,	NULL,	0,	10,	NULL,	1,	1),
(17,	'TestIphonik6',	1,	'2021-06-22 14:16:32',	'2021-06-22 00:00:00',	'2021-06-30 23:59:59',	NULL,	NULL,	NULL,	0,	10,	NULL,	1,	4),
(18,	'TEST 1',	1,	'2021-06-22 17:12:44',	'2021-06-22 00:00:00',	'2021-06-30 23:59:59',	NULL,	NULL,	NULL,	0,	10,	NULL,	1,	4),
(19,	'TestIP6',	1,	'2021-06-22 23:22:39',	'2021-06-22 00:00:00',	'2021-06-30 23:59:59',	NULL,	NULL,	NULL,	0,	10,	NULL,	1,	6),
(20,	'TestIP7',	1,	'2021-06-23 09:57:49',	'2021-06-23 00:00:00',	'2021-06-30 23:59:59',	NULL,	NULL,	NULL,	0,	10,	NULL,	1,	6),
(21,	'TestIP8',	1,	'2021-06-23 16:33:48',	'2021-06-23 00:00:00',	'2021-06-30 23:59:59',	NULL,	NULL,	NULL,	0,	10,	NULL,	1,	6),
(22,	'TestIP9',	1,	'2021-06-23 17:25:01',	'2021-06-23 00:00:00',	'2021-06-30 23:59:59',	NULL,	NULL,	NULL,	0,	10,	NULL,	1,	6),
(23,	'TestIP10',	1,	'2021-06-23 18:14:41',	'2021-06-23 00:00:00',	'2021-06-30 23:59:59',	NULL,	NULL,	NULL,	0,	10,	NULL,	1,	6),
(24,	'TestIP11',	1,	'2021-06-23 18:46:36',	'2021-06-23 00:00:00',	'2021-06-30 23:59:59',	NULL,	NULL,	NULL,	0,	10,	NULL,	1,	6),
(25,	'TestIP12',	1,	'2021-06-25 14:13:22',	'2021-06-25 00:00:00',	'2021-06-30 23:59:59',	NULL,	NULL,	NULL,	0,	10,	NULL,	1,	6),
(26,	'TestIP13',	1,	'2021-06-28 15:32:39',	'2021-06-28 00:00:00',	'2021-06-30 23:59:59',	NULL,	NULL,	NULL,	0,	10,	NULL,	1,	6),
(27,	'TEST 22-07-2021',	1,	'2021-07-22 18:27:08',	'2021-07-22 00:00:00',	'2021-07-31 23:59:59',	NULL,	NULL,	NULL,	0,	1,	NULL,	1,	3),
(28,	'TestIphonik9',	1,	'2021-07-30 11:52:39',	'2021-07-30 00:00:00',	'2021-07-31 23:59:59',	NULL,	NULL,	NULL,	0,	10,	NULL,	1,	2),
(29,	'TestIphonik10',	1,	'2021-07-30 12:19:39',	'2021-07-30 00:00:00',	'2021-07-31 23:59:59',	NULL,	NULL,	NULL,	0,	10,	NULL,	1,	3),
(30,	'pramotion',	1,	'2021-08-02 11:07:10',	'2021-08-02 00:00:00',	'2021-08-03 23:59:59',	NULL,	NULL,	NULL,	0,	10,	NULL,	1,	0),
(31,	'IphonikTest10',	1,	'2021-08-03 10:39:47',	'2021-08-03 00:00:00',	'2021-08-31 23:59:59',	NULL,	NULL,	NULL,	0,	10,	NULL,	1,	1),
(32,	'IphonikTest11',	1,	'2021-08-03 13:31:52',	'2021-08-03 00:00:00',	'2021-08-31 23:59:59',	NULL,	NULL,	NULL,	0,	10,	NULL,	1,	1),
(33,	'TestIphonik13',	1,	'2021-08-03 14:35:18',	'2021-08-03 00:00:00',	'2021-08-31 23:59:59',	NULL,	NULL,	NULL,	0,	10,	NULL,	1,	0),
(34,	'TEST 04-08-2021',	1,	'2021-08-04 13:26:42',	'2021-08-04 00:00:00',	'2021-08-31 23:59:59',	NULL,	NULL,	NULL,	0,	1,	NULL,	1,	0),
(35,	'TEST 04-08-2021',	1,	'2021-08-04 13:36:36',	'2021-08-04 00:00:00',	'2021-08-31 23:59:59',	NULL,	NULL,	NULL,	0,	1,	NULL,	1,	4),
(36,	'IPHONIKTEST14',	1,	'2021-08-05 16:28:03',	'2021-08-05 00:00:00',	'2021-08-31 23:59:59',	NULL,	NULL,	NULL,	0,	10,	NULL,	1,	3),
(37,	'TestIphonik14',	1,	'2021-08-05 17:00:13',	'2021-08-05 00:00:00',	'2021-08-31 23:59:59',	NULL,	NULL,	NULL,	0,	10,	NULL,	1,	0),
(38,	'TestIphonik15',	1,	'2021-08-06 10:41:56',	'2021-08-06 00:00:00',	'2021-08-31 23:59:59',	NULL,	NULL,	NULL,	0,	10,	NULL,	1,	3),
(39,	'TestIphonik15',	1,	'2021-08-06 14:14:19',	'2021-08-06 00:00:00',	'2021-08-31 23:59:59',	NULL,	NULL,	NULL,	0,	10,	NULL,	1,	6),
(40,	'TestIphonik16',	1,	'2021-08-06 16:43:28',	'2021-08-06 00:00:00',	'2021-08-31 23:59:59',	NULL,	NULL,	NULL,	0,	10,	NULL,	1,	6),
(41,	'TestIphonik17',	1,	'2021-08-06 17:22:24',	'2021-08-06 00:00:00',	'2021-08-31 23:59:59',	NULL,	NULL,	NULL,	0,	10,	NULL,	1,	6),
(42,	'TetsIphonik18',	1,	'2021-08-06 17:28:19',	'2021-08-06 00:00:00',	'2021-08-31 23:59:59',	NULL,	NULL,	NULL,	0,	1,	NULL,	1,	5),
(43,	'SMS Alert Activations Test - Charini',	1,	'2021-08-13 16:36:18',	'2021-08-13 00:00:00',	'2021-08-31 23:59:59',	NULL,	NULL,	NULL,	0,	1,	NULL,	1,	7),
(44,	'SMS Alert Activations Test - Charini',	1,	'2021-08-13 17:52:08',	'2021-08-13 00:00:00',	'2021-08-31 23:59:59',	NULL,	NULL,	NULL,	0,	1,	NULL,	1,	7),
(45,	'TestIphonik17',	1,	'2021-08-13 20:09:05',	'2021-08-13 00:00:00',	'2021-08-31 23:59:59',	NULL,	NULL,	NULL,	0,	10,	NULL,	1,	7),
(46,	'SMS Alert Activations 3 - Charini',	1,	'2021-08-14 19:59:19',	'2021-08-14 00:00:00',	'2021-08-31 23:59:59',	NULL,	NULL,	NULL,	0,	10,	NULL,	1,	7),
(47,	'SMS Alert Activations 4 - Charini',	1,	'2021-08-16 11:51:07',	'2021-08-16 00:00:00',	'2021-08-31 23:59:59',	NULL,	NULL,	NULL,	0,	10,	NULL,	1,	7),
(48,	'Promotion',	1,	'2021-08-16 13:06:50',	'2021-08-16 00:00:00',	'2021-08-31 23:59:59',	NULL,	NULL,	NULL,	0,	10,	NULL,	1,	8),
(49,	'SMS Alert Activations 5 - Charini',	1,	'2021-08-17 16:35:59',	'2021-08-17 00:00:00',	'2021-08-31 23:59:59',	NULL,	NULL,	NULL,	0,	10,	NULL,	1,	0),
(50,	'SMS Alert Activations 5 - Charini',	1,	'2021-08-17 16:37:27',	'2021-08-17 00:00:00',	'2021-08-31 23:59:59',	NULL,	NULL,	NULL,	0,	10,	NULL,	1,	7),
(51,	'SMS Alert Activations 6 - Charini',	1,	'2021-08-19 12:06:38',	'2021-08-19 00:00:00',	'2021-08-31 23:59:59',	NULL,	NULL,	NULL,	0,	10,	NULL,	1,	7),
(52,	'SMS Alert Activations 7 - Charini',	1,	'2021-09-29 16:17:24',	'2021-09-29 00:00:00',	'2021-09-30 23:59:59',	NULL,	NULL,	NULL,	0,	10,	NULL,	1,	7),
(53,	'Campain-11-22',	1,	'2021-11-22 10:20:11',	'2021-11-22 00:00:00',	'2021-11-30 23:59:59',	NULL,	NULL,	NULL,	0,	10,	NULL,	1,	0),
(54,	'new Campaign11-22',	1,	'2021-11-22 13:31:53',	'2021-11-22 00:00:00',	'2021-11-30 23:59:59',	NULL,	NULL,	NULL,	0,	10,	NULL,	1,	7),
(55,	'pramo-29',	1,	'2021-11-29 11:57:38',	'2021-11-29 00:00:00',	'2021-11-30 23:59:59',	NULL,	NULL,	NULL,	0,	10,	NULL,	1,	7),
(57,	'promo29',	1,	'2021-11-29 13:23:24',	'2021-11-29 00:00:00',	'2021-11-30 23:59:59',	NULL,	NULL,	NULL,	0,	10,	NULL,	1,	0),
(59,	'TestIphonik20',	1,	'2021-11-29 13:33:40',	'2021-11-29 00:00:00',	'2021-11-30 23:59:59',	NULL,	NULL,	NULL,	0,	10,	NULL,	1,	7),
(61,	'TestIphonik21',	1,	'2021-11-29 14:36:16',	'2021-11-29 00:00:00',	'2021-11-30 23:59:59',	NULL,	NULL,	NULL,	0,	10,	NULL,	1,	7),
(63,	'test attemp',	1,	'2021-11-29 16:17:10',	'2021-11-29 00:00:00',	'2021-11-30 23:59:59',	NULL,	NULL,	NULL,	0,	10,	NULL,	1,	7),
(64,	'test Camp 11.30',	1,	'2021-11-30 09:24:50',	'2021-11-30 00:00:00',	'2021-11-30 23:59:59',	NULL,	NULL,	NULL,	0,	10,	NULL,	1,	0),
(66,	'new camp',	1,	'2021-11-30 10:53:21',	'2021-11-30 00:00:00',	'2021-11-30 23:59:59',	NULL,	NULL,	NULL,	0,	10,	NULL,	1,	7),
(67,	'new camp 1',	1,	'2021-11-30 12:00:56',	'2021-11-30 00:00:00',	'2021-11-30 23:59:59',	NULL,	NULL,	NULL,	0,	10,	NULL,	1,	7),
(69,	'new camp 12',	1,	'2021-11-30 12:11:05',	'2021-11-30 00:00:00',	'2021-11-30 23:59:59',	NULL,	NULL,	NULL,	0,	10,	NULL,	1,	7),
(71,	'new camp 12.1',	1,	'2021-12-01 09:08:21',	'2021-12-01 00:00:00',	'2021-12-31 23:59:59',	NULL,	NULL,	NULL,	1,	10,	NULL,	1,	7),
(73,	'TEST 08-12-2021',	1,	'2021-12-08 17:15:52',	'2021-12-08 00:00:00',	'2021-12-31 23:59:59',	NULL,	NULL,	NULL,	1,	10,	NULL,	1,	7);

CREATE TABLE `autodial_campaign_user` (
  `campaign_id` int(11) NOT NULL,
  `user_id` int(11) NOT NULL,
  `created_user` int(11) DEFAULT NULL,
  `created_date` datetime DEFAULT NULL,
  `campaign_prim_id` varchar(2) DEFAULT NULL,
  KEY `fk_campaignuser_userid` (`user_id`) USING BTREE,
  KEY `fk2_campaign_id_idx` (`campaign_id`) USING BTREE,
  CONSTRAINT `fk_campaignuser_userid` FOREIGN KEY (`user_id`) REFERENCES `user_master` (`id`)
) ENGINE=InnoDB DEFAULT CHARSET=utf8;

INSERT INTO `autodial_campaign_user` (`campaign_id`, `user_id`, `created_user`, `created_date`, `campaign_prim_id`) VALUES
(45,	135,	1,	'2021-08-13 20:09:05',	NULL),
(53,	137,	1,	'2021-11-22 11:26:48',	NULL),
(54,	138,	1,	'2021-11-22 13:31:53',	NULL),
(71,	139,	1,	'2021-12-01 09:08:21',	NULL);

CREATE TABLE `autodial_csv_data` (
  `id` int(11) NOT NULL AUTO_INCREMENT,
  `batch_id` int(11) DEFAULT NULL,
  `contact_no` varchar(45) DEFAULT NULL,
  `contact_no2` varchar(45) DEFAULT NULL,
  `contact_no3` varchar(45) DEFAULT NULL,
  `branch` varchar(45) DEFAULT NULL,
  `fac_no` varchar(45) DEFAULT NULL,
  `clicode` varchar(45) DEFAULT NULL,
  `title` varchar(45) DEFAULT NULL,
  `c_name` varchar(100) DEFAULT NULL,
  `fac_type` varchar(80) DEFAULT NULL,
  `fac_amount` varchar(45) DEFAULT NULL,
  `rent_amount` varchar(45) DEFAULT NULL,
  `lease_age` varchar(45) DEFAULT NULL,
  `rent_due_date` varchar(45) DEFAULT NULL,
  `fac_status` varchar(45) DEFAULT NULL,
  `tenor` varchar(45) DEFAULT NULL,
  `v_no` varchar(45) DEFAULT NULL,
  `ast_type` varchar(80) DEFAULT NULL,
  `m_officer` varchar(45) DEFAULT NULL,
  `rent_due` varchar(45) DEFAULT NULL,
  `other_charge` varchar(45) DEFAULT NULL,
  `in_charges` varchar(45) DEFAULT NULL,
  `tot_ar` varchar(45) DEFAULT NULL,
  `last_pay_date` varchar(45) DEFAULT NULL,
  `last_pay_amt` varchar(45) DEFAULT NULL,
  `mat_rent` varchar(45) DEFAULT NULL,
  `g1name` varchar(80) DEFAULT NULL,
  `g1code` varchar(45) DEFAULT NULL,
  `g1phone1` varchar(45) DEFAULT NULL,
  `g1phone2` varchar(45) DEFAULT NULL,
  `g2name` varchar(80) DEFAULT NULL,
  `g2code` varchar(45) DEFAULT NULL,
  `g2phone1` varchar(45) DEFAULT NULL,
  `g2phone2` varchar(45) DEFAULT NULL,
  `name` varchar(150) DEFAULT NULL,
  `decription` varchar(150) DEFAULT NULL,
  `lang` varchar(150) DEFAULT NULL,
  `campign_id` int(15) DEFAULT NULL,
  `dnt_cl_dup_batch` int(15) DEFAULT NULL,
  `user_id` int(15) DEFAULT NULL,
  PRIMARY KEY (`id`) USING BTREE
) ENGINE=MyISAM DEFAULT CHARSET=latin1;

INSERT INTO `autodial_csv_data` (`id`, `batch_id`, `contact_no`, `contact_no2`, `contact_no3`, `branch`, `fac_no`, `clicode`, `title`, `c_name`, `fac_type`, `fac_amount`, `rent_amount`, `lease_age`, `rent_due_date`, `fac_status`, `tenor`, `v_no`, `ast_type`, `m_officer`, `rent_due`, `other_charge`, `in_charges`, `tot_ar`, `last_pay_date`, `last_pay_amt`, `mat_rent`, `g1name`, `g1code`, `g1phone1`, `g1phone2`, `g2name`, `g2code`, `g2phone1`, `g2phone2`, `name`, `decription`, `lang`, `campign_id`, `dnt_cl_dup_batch`, `user_id`) VALUES
(72,	38,	'775223154',	'775223154',	'775223154',	NULL,	NULL,	NULL,	NULL,	NULL,	NULL,	NULL,	NULL,	NULL,	NULL,	NULL,	NULL,	NULL,	NULL,	NULL,	NULL,	NULL,	NULL,	NULL,	NULL,	NULL,	NULL,	NULL,	NULL,	NULL,	NULL,	NULL,	NULL,	NULL,	NULL,	'pasindu',	'iPhonick Sample Data',	'TAMIL',	NULL,	NULL,	NULL),
(71,	38,	'714230885',	'714230885',	'714230885',	NULL,	NULL,	NULL,	NULL,	NULL,	NULL,	NULL,	NULL,	NULL,	NULL,	NULL,	NULL,	NULL,	NULL,	NULL,	NULL,	NULL,	NULL,	NULL,	NULL,	NULL,	NULL,	NULL,	NULL,	NULL,	NULL,	NULL,	NULL,	NULL,	NULL,	'madushika',	'iPhonick Sample Data',	'SINHALA',	NULL,	NULL,	NULL),
(70,	38,	'757602040',	'757602040',	'757602040',	NULL,	NULL,	NULL,	NULL,	NULL,	NULL,	NULL,	NULL,	NULL,	NULL,	NULL,	NULL,	NULL,	NULL,	NULL,	NULL,	NULL,	NULL,	NULL,	NULL,	NULL,	NULL,	NULL,	NULL,	NULL,	NULL,	NULL,	NULL,	NULL,	NULL,	'sachith',	'iPhonick Sample Data',	'ENGLISH',	NULL,	NULL,	NULL),
(69,	38,	'777805804',	'777805804',	'777805804',	NULL,	NULL,	NULL,	NULL,	NULL,	NULL,	NULL,	NULL,	NULL,	NULL,	NULL,	NULL,	NULL,	NULL,	NULL,	NULL,	NULL,	NULL,	NULL,	NULL,	NULL,	NULL,	NULL,	NULL,	NULL,	NULL,	NULL,	NULL,	NULL,	NULL,	'iphonik',	'iPhonick Sample Data',	'TAMIL',	NULL,	NULL,	NULL),
(68,	38,	'716552026',	'716552026',	'716552026',	NULL,	NULL,	NULL,	NULL,	NULL,	NULL,	NULL,	NULL,	NULL,	NULL,	NULL,	NULL,	NULL,	NULL,	NULL,	NULL,	NULL,	NULL,	NULL,	NULL,	NULL,	NULL,	NULL,	NULL,	NULL,	NULL,	NULL,	NULL,	NULL,	NULL,	'sanjeewa',	'iPhonick Sample Data',	'SINHALA',	NULL,	NULL,	NULL),
(73,	38,	'769167753',	'769167753',	'769167753',	NULL,	NULL,	NULL,	NULL,	NULL,	NULL,	NULL,	NULL,	NULL,	NULL,	NULL,	NULL,	NULL,	NULL,	NULL,	NULL,	NULL,	NULL,	NULL,	NULL,	NULL,	NULL,	NULL,	NULL,	NULL,	NULL,	NULL,	NULL,	NULL,	NULL,	'vinod',	'iPhonick Sample Data',	'ENGLISH',	NULL,	NULL,	NULL),
(90,	59,	'777805804',	'777805804',	'777805804',	NULL,	NULL,	NULL,	NULL,	NULL,	NULL,	NULL,	NULL,	NULL,	NULL,	NULL,	NULL,	NULL,	NULL,	NULL,	NULL,	NULL,	NULL,	NULL,	NULL,	NULL,	NULL,	NULL,	NULL,	NULL,	NULL,	NULL,	NULL,	NULL,	NULL,	'Braba',	'iPhonick Sample Data',	'TAMIL',	NULL,	NULL,	NULL),
(89,	59,	'716552026',	'716552026',	'716552026',	NULL,	NULL,	NULL,	NULL,	NULL,	NULL,	NULL,	NULL,	NULL,	NULL,	NULL,	NULL,	NULL,	NULL,	NULL,	NULL,	NULL,	NULL,	NULL,	NULL,	NULL,	NULL,	NULL,	NULL,	NULL,	NULL,	NULL,	NULL,	NULL,	NULL,	'Tashi',	'iPhonick Sample Data',	'SINHALA',	NULL,	NULL,	NULL),
(1438,	89,	'777805804',	'777805804',	'777805804',	NULL,	NULL,	NULL,	NULL,	NULL,	NULL,	NULL,	NULL,	NULL,	NULL,	NULL,	NULL,	NULL,	NULL,	NULL,	NULL,	NULL,	NULL,	NULL,	NULL,	NULL,	NULL,	NULL,	NULL,	NULL,	NULL,	NULL,	NULL,	NULL,	NULL,	'Braba',	'iPhonick Sample Data',	'TAMIL',	NULL,	NULL,	NULL),
(1437,	89,	'716552026',	'716552026',	'716552026',	NULL,	NULL,	NULL,	NULL,	NULL,	NULL,	NULL,	NULL,	NULL,	NULL,	NULL,	NULL,	NULL,	NULL,	NULL,	NULL,	NULL,	NULL,	NULL,	NULL,	NULL,	NULL,	NULL,	NULL,	NULL,	NULL,	NULL,	NULL,	NULL,	NULL,	'Tashi',	'iPhonick Sample Data',	'SINHALA',	NULL,	NULL,	NULL),
(1425,	85,	'715496594',	'715496594',	'715496594',	NULL,	NULL,	NULL,	NULL,	NULL,	NULL,	NULL,	NULL,	NULL,	NULL,	NULL,	NULL,	NULL,	NULL,	NULL,	NULL,	NULL,	NULL,	NULL,	NULL,	NULL,	NULL,	NULL,	NULL,	NULL,	NULL,	NULL,	NULL,	NULL,	NULL,	'Tashi',	'iPhonick Sample Data',	'SINHALA',	NULL,	NULL,	NULL),
(1426,	85,	'772104404',	'772104404',	'772104404',	NULL,	NULL,	NULL,	NULL,	NULL,	NULL,	NULL,	NULL,	NULL,	NULL,	NULL,	NULL,	NULL,	NULL,	NULL,	NULL,	NULL,	NULL,	NULL,	NULL,	NULL,	NULL,	NULL,	NULL,	NULL,	NULL,	NULL,	NULL,	NULL,	NULL,	'Braba',	'iPhonick Sample Data',	'TAMIL',	NULL,	NULL,	NULL),
(1427,	85,	'720266072',	'720266072',	'720266072',	NULL,	NULL,	NULL,	NULL,	NULL,	NULL,	NULL,	NULL,	NULL,	NULL,	NULL,	NULL,	NULL,	NULL,	NULL,	NULL,	NULL,	NULL,	NULL,	NULL,	NULL,	NULL,	NULL,	NULL,	NULL,	NULL,	NULL,	NULL,	NULL,	NULL,	'Nishan',	'iPhonick Sample Data',	'ENGLISH',	NULL,	NULL,	NULL),
(1428,	85,	'715496524',	'715496524',	'715496524',	NULL,	NULL,	NULL,	NULL,	NULL,	NULL,	NULL,	NULL,	NULL,	NULL,	NULL,	NULL,	NULL,	NULL,	NULL,	NULL,	NULL,	NULL,	NULL,	NULL,	NULL,	NULL,	NULL,	NULL,	NULL,	NULL,	NULL,	NULL,	NULL,	NULL,	'Tashi 2',	'iPhonick Sample Data',	'SINHALA',	NULL,	NULL,	NULL),
(1429,	85,	'772103304',	'772103304',	'772103304',	NULL,	NULL,	NULL,	NULL,	NULL,	NULL,	NULL,	NULL,	NULL,	NULL,	NULL,	NULL,	NULL,	NULL,	NULL,	NULL,	NULL,	NULL,	NULL,	NULL,	NULL,	NULL,	NULL,	NULL,	NULL,	NULL,	NULL,	NULL,	NULL,	NULL,	'Braba 2',	'iPhonick Sample Data',	'TAMIL',	NULL,	NULL,	NULL),
(1430,	85,	'720266012',	'720266012',	'720266012',	NULL,	NULL,	NULL,	NULL,	NULL,	NULL,	NULL,	NULL,	NULL,	NULL,	NULL,	NULL,	NULL,	NULL,	NULL,	NULL,	NULL,	NULL,	NULL,	NULL,	NULL,	NULL,	NULL,	NULL,	NULL,	NULL,	NULL,	NULL,	NULL,	NULL,	'Nishan 2',	'iPhonick Sample Data',	'ENGLISH',	NULL,	NULL,	NULL),
(1431,	86,	'716552026',	'716552026',	'716552026',	NULL,	NULL,	NULL,	NULL,	NULL,	NULL,	NULL,	NULL,	NULL,	NULL,	NULL,	NULL,	NULL,	NULL,	NULL,	NULL,	NULL,	NULL,	NULL,	NULL,	NULL,	NULL,	NULL,	NULL,	NULL,	NULL,	NULL,	NULL,	NULL,	NULL,	'Tashi',	'iPhonick Sample Data',	'SINHALA',	NULL,	NULL,	NULL),
(1432,	86,	'777805804',	'777805804',	'777805804',	NULL,	NULL,	NULL,	NULL,	NULL,	NULL,	NULL,	NULL,	NULL,	NULL,	NULL,	NULL,	NULL,	NULL,	NULL,	NULL,	NULL,	NULL,	NULL,	NULL,	NULL,	NULL,	NULL,	NULL,	NULL,	NULL,	NULL,	NULL,	NULL,	NULL,	'Braba',	'iPhonick Sample Data',	'TAMIL',	NULL,	NULL,	NULL);

CREATE TABLE `autodial_csv_master` (
  `batch_id` int(11) NOT NULL AUTO_INCREMENT,
  `user_id` int(11) NOT NULL,
  `upload_date` datetime DEFAULT NULL,
  `file` varchar(45) NOT NULL,
  `used` tinyint(4) DEFAULT 0,
  `useddate` timestamp NULL DEFAULT NULL,
  `cc` int(11) DEFAULT NULL,
  `question_gid` int(11) DEFAULT NULL,
  `com_id` int(11) DEFAULT NULL,
  PRIMARY KEY (`batch_id`) USING BTREE
) ENGINE=InnoDB DEFAULT CHARSET=utf8;

INSERT INTO `autodial_csv_master` (`batch_id`, `user_id`, `upload_date`, `file`, `used`, `useddate`, `cc`, `question_gid`, `com_id`) VALUES
(24,	115,	'2021-05-20 13:18:32',	'01-18-32-2021-05-20.xlsx',	1,	'2021-05-26 02:47:31',	1,	0,	NULL),
(25,	135,	'2021-05-25 14:02:48',	'02-02-47-2021-05-25.xlsx',	1,	'2021-05-25 08:33:28',	1,	0,	NULL),
(26,	135,	'2021-05-25 14:35:01',	'02-35-01-2021-05-25.xlsx',	1,	'2021-05-25 09:06:10',	1,	0,	NULL),
(27,	135,	'2021-05-26 06:20:30',	'06-20-30-2021-05-26.xlsx',	1,	'2021-05-26 00:52:04',	1,	0,	NULL),
(28,	135,	'2021-05-26 16:00:08',	'04-00-08-2021-05-26.xlsx',	1,	'2021-05-26 10:39:08',	1,	0,	NULL),
(29,	135,	'2021-05-27 22:28:40',	'10-28-40-2021-05-27.xlsx',	1,	'2021-05-27 17:00:35',	1,	0,	NULL),
(30,	1,	'2021-05-28 10:27:45',	'10-27-45-2021-05-28.xlsx',	1,	'2021-05-28 04:59:33',	1,	0,	NULL),
(31,	1,	'2021-05-28 10:32:51',	'10-32-51-2021-05-28.xlsx',	1,	'2021-05-28 05:04:56',	1,	0,	NULL),
(32,	135,	'2021-05-29 10:39:26',	'10-39-26-2021-05-29.xlsx',	1,	'2021-05-29 05:11:53',	1,	0,	NULL),
(33,	135,	'2021-05-30 18:11:45',	'06-11-45-2021-05-30.xlsx',	1,	'2021-05-30 12:43:04',	1,	0,	NULL),
(34,	135,	'2021-05-31 21:12:01',	'09-12-01-2021-05-31.xlsx',	1,	'2021-05-31 15:48:13',	1,	0,	NULL),
(35,	135,	'2021-05-31 21:46:29',	'09-46-28-2021-05-31.xlsx',	1,	'2021-05-31 16:19:07',	1,	0,	NULL),
(36,	121,	'2021-06-09 16:10:11',	'04-10-10-2021-06-09.xlsx',	1,	'2021-06-09 10:43:29',	1,	0,	NULL),
(37,	135,	'2021-06-09 23:17:29',	'11-17-29-2021-06-09.xlsx',	1,	'2021-06-09 17:49:59',	1,	0,	NULL),
(38,	1,	'2021-06-17 17:20:10',	'05-20-09-2021-06-17.xlsx',	0,	NULL,	1,	0,	NULL),
(39,	121,	'2021-06-21 15:36:49',	'03-36-49-2021-06-21.xlsx',	1,	'2021-06-21 10:08:05',	1,	0,	NULL),
(40,	1,	'2021-06-21 22:19:49',	'10-19-49-2021-06-21.xlsx',	1,	'2021-06-21 16:52:12',	1,	0,	NULL),
(41,	1,	'2021-06-22 10:21:29',	'10-21-29-2021-06-22.xlsx',	1,	'2021-06-22 04:52:45',	1,	0,	NULL),
(42,	1,	'2021-06-22 14:15:27',	'02-15-27-2021-06-22.xlsx',	1,	'2021-06-22 08:46:33',	1,	0,	NULL),
(43,	121,	'2021-06-22 17:12:08',	'05-12-08-2021-06-22.xlsx',	1,	'2021-06-22 11:42:44',	1,	0,	NULL),
(44,	1,	'2021-06-22 23:19:09',	'11-19-09-2021-06-22.xlsx',	1,	'2021-06-22 17:52:39',	1,	0,	NULL),
(45,	1,	'2021-06-23 09:54:28',	'09-54-28-2021-06-23.xlsx',	1,	'2021-06-23 04:27:50',	1,	0,	NULL),
(46,	1,	'2021-06-23 16:25:09',	'04-25-09-2021-06-23.xlsx',	1,	'2021-06-23 11:03:48',	1,	0,	NULL),
(47,	1,	'2021-06-23 17:23:34',	'05-23-34-2021-06-23.xlsx',	1,	'2021-06-23 11:55:01',	1,	0,	NULL),
(48,	1,	'2021-06-23 18:14:07',	'06-14-07-2021-06-23.xlsx',	1,	'2021-06-23 12:44:41',	1,	0,	NULL),
(49,	1,	'2021-06-23 18:45:27',	'06-45-27-2021-06-23.xlsx',	1,	'2021-06-23 13:16:36',	1,	0,	NULL),
(50,	136,	'2021-06-25 14:11:29',	'02-11-29-2021-06-25.xlsx',	1,	'2021-06-25 08:43:22',	1,	0,	NULL),
(51,	1,	'2021-06-28 15:26:55',	'03-26-55-2021-06-28.xlsx',	1,	'2021-06-28 10:02:39',	1,	0,	NULL),
(52,	121,	'2021-07-22 18:25:24',	'06-25-24-2021-07-22.xlsx',	1,	'2021-07-22 12:57:08',	1,	0,	NULL),
(53,	135,	'2021-07-30 11:51:41',	'11-51-41-2021-07-30.xlsx',	1,	'2021-07-30 06:22:39',	1,	0,	NULL),
(54,	135,	'2021-07-30 12:18:12',	'12-18-12-2021-07-30.xlsx',	1,	'2021-07-30 06:49:39',	1,	0,	NULL),
(55,	135,	'2021-08-02 11:02:56',	'11-02-55-2021-08-02.xlsx',	1,	'2021-08-02 05:37:10',	1,	0,	NULL),
(56,	135,	'2021-08-03 10:24:54',	'10-24-54-2021-08-03.xlsx',	1,	'2021-08-03 05:09:47',	1,	0,	NULL),
(57,	135,	'2021-08-03 13:30:47',	'01-30-47-2021-08-03.xlsx',	1,	'2021-08-03 08:01:52',	1,	0,	NULL),
(58,	135,	'2021-08-03 13:41:50',	'01-41-50-2021-08-03.xlsx',	1,	'2021-08-03 09:05:18',	1,	0,	NULL),
(59,	135,	'2021-08-03 15:18:13',	'03-18-13-2021-08-03.xlsx',	0,	NULL,	1,	0,	NULL),
(60,	115,	'2021-08-04 13:26:13',	'01-26-13-2021-08-04.xlsx',	1,	'2021-08-04 07:56:42',	1,	0,	NULL),
(61,	121,	'2021-08-04 13:36:07',	'01-36-07-2021-08-04.xlsx',	1,	'2021-08-04 08:06:36',	1,	0,	NULL),
(62,	136,	'2021-08-05 16:27:11',	'04-27-11-2021-08-05.xlsx',	1,	'2021-08-05 10:58:03',	1,	0,	NULL),
(63,	136,	'2021-08-05 16:50:11',	'04-50-11-2021-08-05.xlsx',	1,	'2021-08-05 11:30:13',	1,	0,	NULL),
(64,	135,	'2021-08-06 09:53:06',	'09-53-06-2021-08-06.xlsx',	1,	'2021-08-06 05:11:56',	1,	0,	NULL),
(65,	135,	'2021-08-06 14:08:15',	'02-08-15-2021-08-06.xlsx',	1,	'2021-08-06 08:44:19',	1,	0,	NULL),
(66,	135,	'2021-08-06 16:37:31',	'04-37-31-2021-08-06.xlsx',	1,	'2021-08-06 11:13:28',	1,	0,	NULL),
(68,	135,	'2021-08-06 17:20:35',	'05-20-35-2021-08-06.xlsx',	1,	'2021-08-06 11:52:24',	1,	0,	NULL),
(69,	135,	'2021-08-06 17:27:11',	'05-27-11-2021-08-06.xlsx',	1,	'2021-08-06 11:58:19',	1,	0,	NULL),
(70,	121,	'2021-08-13 16:35:35',	'04-35-35-2021-08-13.xlsx',	1,	'2021-08-13 11:06:18',	1,	0,	NULL),
(71,	121,	'2021-08-13 17:51:51',	'05-51-51-2021-08-13.xlsx',	1,	'2021-08-13 12:22:08',	1,	0,	NULL),
(72,	135,	'2021-08-13 20:07:27',	'08-07-27-2021-08-13.xlsx',	1,	'2021-08-13 14:39:05',	1,	0,	NULL),
(73,	115,	'2021-08-14 19:58:49',	'07-58-49-2021-08-14.xlsx',	1,	'2021-08-14 14:29:19',	1,	0,	NULL),
(74,	121,	'2021-08-16 11:50:36',	'11-50-36-2021-08-16.xlsx',	1,	'2021-08-16 06:21:07',	1,	0,	NULL),
(75,	135,	'2021-08-16 12:53:47',	'12-53-47-2021-08-16.xlsx',	1,	'2021-08-16 07:36:50',	1,	0,	NULL),
(76,	121,	'2021-08-17 16:35:33',	'04-35-33-2021-08-17.xlsx',	1,	'2021-08-17 11:05:59',	1,	0,	NULL),
(77,	121,	'2021-08-17 16:37:05',	'04-37-05-2021-08-17.xlsx',	1,	'2021-08-17 11:07:27',	1,	0,	NULL),
(78,	115,	'2021-08-19 12:05:46',	'12-05-46-2021-08-19.xlsx',	1,	'2021-08-19 06:36:38',	1,	0,	NULL),
(81,	121,	'2021-09-29 16:15:52',	'04-15-52-2021-09-29.xlsx',	1,	'2021-09-29 10:47:24',	1,	0,	NULL),
(83,	135,	'2021-11-22 10:04:17',	'10-04-17-2021-11-22.xlsx',	1,	'2021-11-22 06:21:55',	1,	0,	NULL),
(84,	135,	'2021-11-22 10:15:20',	'10-15-19-2021-11-22.xlsx',	1,	'2021-11-22 04:50:11',	1,	0,	NULL),
(85,	135,	'2021-11-22 10:17:55',	'10-17-55-2021-11-22.xlsx',	0,	NULL,	1,	0,	NULL),
(86,	135,	'2021-11-22 10:18:19',	'10-18-19-2021-11-22.xlsx',	0,	NULL,	1,	0,	NULL),
(87,	135,	'2021-11-22 12:01:25',	'12-01-25-2021-11-22.xlsx',	1,	'2021-11-22 06:32:22',	1,	0,	NULL),
(88,	135,	'2021-11-22 12:09:07',	'12-09-07-2021-11-22.xlsx',	1,	'2021-11-22 08:01:53',	1,	0,	NULL),
(89,	135,	'2021-11-22 13:30:26',	'01-30-26-2021-11-22.xlsx',	0,	NULL,	1,	0,	NULL),
(91,	135,	'2021-11-29 11:35:22',	'11-35-22-2021-11-29.xlsx',	1,	'2021-11-29 06:11:57',	1,	0,	NULL),
(93,	135,	'2021-11-29 11:54:57',	'11-54-57-2021-11-29.xlsx',	1,	'2021-11-29 06:27:38',	1,	0,	NULL),
(95,	135,	'2021-11-29 12:46:13',	'12-46-13-2021-11-29.xlsx',	1,	'2021-11-29 07:16:50',	1,	0,	NULL),
(97,	135,	'2021-11-29 13:21:59',	'01-21-59-2021-11-29.xlsx',	1,	'2021-11-29 07:53:24',	1,	0,	NULL),
(99,	135,	'2021-11-29 13:32:37',	'01-32-37-2021-11-29.xlsx',	1,	'2021-11-29 08:03:40',	1,	0,	NULL),
(101,	135,	'2021-11-29 14:35:43',	'02-35-43-2021-11-29.xlsx',	1,	'2021-11-29 09:06:16',	1,	0,	NULL),
(103,	135,	'2021-11-29 14:57:43',	'02-57-43-2021-11-29.xlsx',	1,	'2021-11-29 09:29:01',	1,	0,	NULL),
(105,	135,	'2021-11-29 15:08:07',	'03-08-07-2021-11-29.xlsx',	1,	'2021-11-29 09:38:50',	1,	0,	NULL),
(107,	135,	'2021-11-29 15:24:39',	'03-24-39-2021-11-29.xlsx',	1,	'2021-11-29 09:55:51',	1,	0,	NULL),
(109,	135,	'2021-11-29 16:06:05',	'04-06-05-2021-11-29.xlsx',	1,	'2021-11-29 10:47:10',	1,	0,	NULL),
(110,	135,	'2021-11-30 09:16:14',	'09-16-14-2021-11-30.xlsx',	1,	'2021-11-30 03:54:50',	1,	0,	NULL),
(111,	1,	'2021-11-30 09:51:15',	'09-51-15-2021-11-30.xlsx',	1,	'2021-11-30 04:22:18',	1,	0,	NULL),
(113,	1,	'2021-11-30 10:09:48',	'10-09-48-2021-11-30.xlsx',	1,	'2021-11-30 04:40:26',	1,	0,	NULL),
(114,	135,	'2021-11-30 10:50:11',	'10-50-11-2021-11-30.xlsx',	1,	'2021-11-30 05:23:21',	1,	0,	NULL),
(115,	1,	'2021-11-30 11:13:05',	'11-13-05-2021-11-30.xlsx',	1,	'2021-11-30 05:43:33',	1,	0,	NULL),
(117,	1,	'2021-11-30 11:56:52',	'11-56-52-2021-11-30.xlsx',	1,	'2021-11-30 06:27:21',	1,	0,	NULL),
(119,	1,	'2021-11-30 11:59:53',	'11-59-53-2021-11-30.xlsx',	1,	'2021-11-30 06:30:56',	1,	0,	NULL),
(121,	1,	'2021-11-30 12:07:52',	'12-07-52-2021-11-30.xlsx',	1,	'2021-11-30 06:41:05',	1,	0,	NULL),
(123,	135,	'2021-12-01 09:00:58',	'09-00-58-2021-12-01.xlsx',	1,	'2021-12-01 03:32:16',	1,	0,	NULL),
(125,	135,	'2021-12-01 09:03:19',	'09-03-19-2021-12-01.xlsx',	1,	'2021-12-01 03:33:46',	1,	0,	NULL),
(127,	135,	'2021-12-01 09:04:49',	'09-04-49-2021-12-01.xlsx',	1,	'2021-12-01 03:38:21',	1,	0,	NULL),
(129,	115,	'2021-12-08 17:15:16',	'05-15-15-2021-12-08.xlsx',	1,	'2021-12-08 11:45:52',	1,	0,	NULL);

CREATE TABLE `autodial_remark` (
  `remark_id` int(11) NOT NULL AUTO_INCREMENT,
  `campaign_id` int(11) NOT NULL,
  `cus_number` varchar(20) NOT NULL,
  `user_id` int(11) DEFAULT NULL,
  `remark_date` datetime DEFAULT NULL,
  `attempt` int(11) DEFAULT NULL,
  `cus_remark` text DEFAULT NULL,
  `unique_id` varchar(45) DEFAULT NULL,
  `call_status` varchar(20) DEFAULT NULL,
  `batch_id` int(11) DEFAULT NULL,
  `facility_no` varchar(100) DEFAULT NULL,
  `agreed_date` date DEFAULT NULL,
  `agreed_amt` double DEFAULT NULL,
  `paid_amt` double DEFAULT NULL,
  `cus_id` int(11) DEFAULT NULL,
  PRIMARY KEY (`remark_id`) USING BTREE,
  KEY `fk_campaign_id_idx` (`campaign_id`) USING BTREE,
  KEY `fk_cus_number_idx` (`cus_number`) USING BTREE,
  KEY `fk_autodial_remark_userid` (`user_id`) USING BTREE
) ENGINE=InnoDB DEFAULT CHARSET=utf8;

INSERT INTO `autodial_remark` (`remark_id`, `campaign_id`, `cus_number`, `user_id`, `remark_date`, `attempt`, `cus_remark`, `unique_id`, `call_status`, `batch_id`, `facility_no`, `agreed_date`, `agreed_amt`, `paid_amt`, `cus_id`) VALUES
(1,	1,	'713155168',	198,	'2020-07-31 16:04:14',	NULL,	'this is test',	NULL,	NULL,	1,	'BUCHI16/025559',	'2020-01-03',	1000,	1000,	1),
(2,	1,	'713155168',	198,	'2020-07-31 16:04:14',	NULL,	'this is test',	NULL,	NULL,	1,	'BUCHI16/025559',	'2020-01-03',	1000,	1000,	1),
(3,	1,	'713155168',	198,	'2020-07-31 16:05:51',	NULL,	'this new',	NULL,	NULL,	1,	'BUCHI16/025559',	'2020-01-01',	2000,	2000,	1),
(4,	1,	'713155168',	198,	'2020-07-31 16:05:51',	NULL,	'this new',	NULL,	NULL,	1,	'BUCHI16/025559',	'2020-01-01',	2000,	2000,	1),
(5,	1,	'713155168',	198,	'2020-07-31 16:30:37',	NULL,	'test',	NULL,	NULL,	1,	'BUCHI16/025559',	'2020-01-01',	10,	10,	1),
(6,	1,	'713155168',	198,	'2020-07-31 16:30:37',	NULL,	'test',	NULL,	NULL,	1,	'BUCHI16/025559',	'2020-01-01',	10,	10,	1),
(7,	1,	'610',	194,	'2021-02-25 08:29:01',	0,	'Dial to Customer',	'',	'',	41,	'LIKUL17/029177',	'0000-00-00',	0,	0,	0),
(8,	1,	'610',	194,	'2021-02-25 08:33:22',	0,	'Dial to Customer',	'',	'',	41,	'LIKUL17/029177',	'0000-00-00',	0,	0,	0),
(9,	1,	'610',	194,	'2021-02-25 08:33:59',	0,	'Dial to Customer',	'',	'',	41,	'LIKUL17/029177',	'0000-00-00',	0,	0,	0),
(10,	1,	'610',	194,	'2021-03-04 13:43:11',	0,	'Dial to Customer',	'',	'',	41,	'LIKUL17/029177',	'0000-00-00',	0,	0,	0),
(11,	1,	'610',	194,	'2021-03-04 13:52:41',	0,	'Dial to Customer',	'',	'',	41,	'LIKUL17/029177',	'0000-00-00',	0,	0,	0),
(12,	1,	'610',	194,	'2021-03-04 13:54:28',	0,	'Dial to Customer',	'',	'',	41,	'LIKUL17/029177',	'0000-00-00',	0,	0,	0),
(13,	1,	'610',	194,	'2021-03-04 13:57:07',	0,	'Dial to Customer',	'',	'',	41,	'LIKUL17/029177',	'0000-00-00',	0,	0,	0),
(14,	1,	'610',	194,	'2021-03-04 13:57:13',	0,	'Dial to Customer',	'',	'',	41,	'LIKUL17/029177',	'0000-00-00',	0,	0,	0),
(15,	1,	'610',	194,	'2021-03-04 13:57:57',	0,	'Dial to Customer',	'',	'',	41,	'LIKUL17/029177',	'0000-00-00',	0,	0,	0),
(16,	1,	'610',	194,	'2021-03-04 14:15:58',	0,	'Dial to Customer',	'',	'',	41,	'LIKUL17/029177',	'0000-00-00',	0,	0,	0),
(17,	1,	'610',	194,	'2021-03-04 14:16:25',	0,	'Dial to Customer',	'',	'',	41,	'LIKUL17/029177',	'0000-00-00',	0,	0,	0),
(18,	1,	'610',	194,	'2021-03-04 14:16:36',	0,	'Dial to Customer',	'',	'',	41,	'LIKUL17/029177',	'0000-00-00',	0,	0,	0),
(19,	1,	'610',	194,	'2021-03-04 14:21:27',	0,	'Dial to Customer',	'',	'',	41,	'LIKUL17/029177',	'0000-00-00',	0,	0,	0),
(20,	1,	'610',	194,	'2021-03-04 14:26:40',	0,	'Dial to Customer',	'',	'',	41,	'LIKUL17/029177',	'0000-00-00',	0,	0,	0),
(21,	1,	'610',	194,	'2021-03-04 14:27:14',	0,	'Dial to Customer',	'',	'',	41,	'LIKUL17/029177',	'0000-00-00',	0,	0,	0),
(22,	1,	'610',	194,	'2021-03-04 14:28:16',	0,	'Dial to Customer',	'',	'',	41,	'LIKUL17/029177',	'0000-00-00',	0,	0,	0),
(23,	1,	'610',	194,	'2021-03-04 14:33:39',	0,	'Dial to Customer',	'',	'',	41,	'LIKUL17/029177',	'0000-00-00',	0,	0,	0),
(24,	6,	'610',	17,	'2021-03-04 14:39:59',	NULL,	'Test',	NULL,	NULL,	42,	'LIKUL17/029177',	'2021-03-04',	15000,	10000,	21294),
(25,	1,	'610',	194,	'2021-03-04 14:39:59',	0,	'Dial to Customer',	'',	'',	41,	'LIKUL17/029177',	'0000-00-00',	0,	0,	0),
(26,	1,	'610',	194,	'2021-03-04 14:52:27',	0,	'Dial to Customer',	'',	'',	41,	'LIKUL17/029177',	'0000-00-00',	0,	0,	0),
(27,	1,	'610',	194,	'2021-03-04 14:52:57',	0,	'Dial to Customer',	'',	'',	41,	'LIKUL17/029177',	'0000-00-00',	0,	0,	0),
(28,	1,	'610',	194,	'2021-03-04 14:53:42',	0,	'Dial to Customer',	'',	'',	41,	'LIKUL17/029177',	'0000-00-00',	0,	0,	0),
(29,	1,	'610',	194,	'2021-03-04 14:59:02',	0,	'Dial to Customer',	'',	'',	41,	'LIKUL17/029177',	'0000-00-00',	0,	0,	0),
(30,	1,	'610',	194,	'2021-03-05 12:08:37',	0,	'Dial to Customer',	'',	'',	41,	'LIKUL17/029177',	'0000-00-00',	0,	0,	0),
(31,	1,	'610',	194,	'2021-03-05 12:22:04',	0,	'Dial to Customer',	'',	'',	41,	'LIKUL17/029177',	'0000-00-00',	0,	0,	0),
(33,	9,	'716552026',	134,	'2021-05-30 19:11:05',	1,	NULL,	'1622378706.714',	'ANSWER',	NULL,	NULL,	NULL,	NULL,	NULL,	NULL),
(34,	11,	'714230885',	134,	'2021-05-31 22:03:05',	1,	NULL,	'1622478638.6328',	'CANCEL',	NULL,	NULL,	NULL,	NULL,	NULL,	NULL),
(35,	11,	'716552026',	134,	'2021-05-31 22:17:21',	1,	NULL,	'1622479505.6330',	'ANSWER',	NULL,	NULL,	NULL,	NULL,	NULL,	NULL),
(36,	11,	'769167753',	134,	'2021-05-31 22:21:01',	1,	NULL,	'1622479765.6334',	'BUSY',	NULL,	NULL,	NULL,	NULL,	NULL,	NULL),
(37,	13,	'714230885',	59,	'2021-06-17 17:22:57',	1,	NULL,	'1623930752.14139',	'NOANSWER',	NULL,	NULL,	NULL,	NULL,	NULL,	NULL),
(38,	13,	'716552026',	59,	'2021-06-17 17:23:35',	1,	NULL,	'1623930778.14141',	'NOANSWER',	NULL,	NULL,	NULL,	NULL,	NULL,	NULL),
(39,	13,	'757602040',	59,	'2021-06-17 17:24:25',	1,	NULL,	'1623930817.14143',	'NOANSWER',	NULL,	NULL,	NULL,	NULL,	NULL,	NULL),
(40,	13,	'769167753',	59,	'2021-06-17 17:25:05',	1,	NULL,	'1623930866.14145',	'NOANSWER',	NULL,	NULL,	NULL,	NULL,	NULL,	NULL),
(41,	13,	'775223154',	59,	'2021-06-17 17:25:59',	1,	NULL,	'1623930915.14147',	'NOANSWER',	NULL,	NULL,	NULL,	NULL,	NULL,	NULL),
(42,	13,	'777805804',	59,	'2021-06-17 17:26:52',	1,	NULL,	'1623930959.14149',	'NOANSWER',	NULL,	NULL,	NULL,	NULL,	NULL,	NULL),
(43,	13,	'777805804',	59,	'2021-06-17 17:29:25',	1,	NULL,	'1623930959.14149',	'NOANSWER',	NULL,	NULL,	NULL,	NULL,	NULL,	NULL),
(44,	13,	'777805804',	59,	'2021-06-17 17:31:27',	1,	NULL,	'1623930959.14149',	'NOANSWER',	NULL,	NULL,	NULL,	NULL,	NULL,	NULL),
(45,	16,	'714230885',	134,	'2021-06-22 11:22:06',	1,	NULL,	'1624341099.33955',	'NOANSWER',	NULL,	NULL,	NULL,	NULL,	NULL,	NULL),
(46,	16,	'716552026',	134,	'2021-06-22 11:22:43',	1,	NULL,	'1624341128.33957',	'NOANSWER',	NULL,	NULL,	NULL,	NULL,	NULL,	NULL),
(47,	16,	'775223154',	72,	'2021-06-22 13:03:11',	1,	NULL,	'1624347159.34327',	'NOANSWER',	NULL,	NULL,	NULL,	NULL,	NULL,	NULL),
(48,	16,	'777805804',	136,	'2021-06-22 13:23:21',	1,	NULL,	'1624347886.34329',	'NOANSWER',	NULL,	NULL,	NULL,	NULL,	NULL,	NULL),
(49,	17,	'714230885',	136,	'2021-06-22 14:18:06',	1,	NULL,	'1624351647.34331',	'NOANSWER',	NULL,	NULL,	NULL,	NULL,	NULL,	NULL),
(50,	17,	'716552026',	136,	'2021-06-22 14:21:03',	1,	NULL,	'1624351825.34333',	'NOANSWER',	NULL,	NULL,	NULL,	NULL,	NULL,	NULL),
(51,	18,	'760194535',	72,	'2021-06-22 18:17:38',	1,	NULL,	'1624365901.34347',	'NOANSWER',	NULL,	NULL,	NULL,	NULL,	NULL,	NULL),
(52,	18,	'760194535',	72,	'2021-06-22 18:27:04',	1,	NULL,	'1624365901.34347',	'NOANSWER',	NULL,	NULL,	NULL,	NULL,	NULL,	NULL),
(53,	18,	'772423425',	72,	'2021-06-22 18:28:08',	1,	NULL,	'1624366609.34353',	'NOANSWER',	NULL,	NULL,	NULL,	NULL,	NULL,	NULL),
(54,	18,	'772423425',	72,	'2021-06-22 18:31:18',	1,	NULL,	'1624366609.34353',	'NOANSWER',	NULL,	NULL,	NULL,	NULL,	NULL,	NULL),
(55,	17,	'757602040',	136,	'2021-06-22 19:35:26',	1,	NULL,	'1624370671.34355',	'ANSWER',	NULL,	NULL,	NULL,	NULL,	NULL,	NULL),
(56,	17,	'769167753',	136,	'2021-06-22 19:36:13',	1,	NULL,	'1624370728.34357',	'CANCEL',	NULL,	NULL,	NULL,	NULL,	NULL,	NULL),
(57,	17,	'777805804',	136,	'2021-06-22 19:41:36',	1,	NULL,	'1624371070.34361',	'CANCEL',	NULL,	NULL,	NULL,	NULL,	NULL,	NULL),
(58,	17,	'769167753',	136,	'2021-06-22 22:53:10',	2,	NULL,	'1624382044.34363',	'BUSY',	NULL,	NULL,	NULL,	NULL,	NULL,	NULL),
(59,	17,	'769167753',	136,	'2021-06-22 22:54:21',	2,	NULL,	'1624382044.34363',	'BUSY',	NULL,	NULL,	NULL,	NULL,	NULL,	NULL),
(60,	17,	'777805804',	136,	'2021-06-22 22:54:59',	2,	NULL,	'1624382667.34365',	'CANCEL',	NULL,	NULL,	NULL,	NULL,	NULL,	NULL),
(61,	17,	'769167753',	136,	'2021-06-22 22:56:44',	3,	NULL,	'1624382771.34367',	'BUSY',	NULL,	NULL,	NULL,	NULL,	NULL,	NULL),
(62,	17,	'777805804',	136,	'2021-06-22 22:58:29',	3,	NULL,	'1624382817.34369',	'CANCEL',	NULL,	NULL,	NULL,	NULL,	NULL,	NULL),
(63,	17,	'714230885',	136,	'2021-06-22 23:07:17',	2,	NULL,	'1624383359.34371',	'CANCEL',	NULL,	NULL,	NULL,	NULL,	NULL,	NULL),
(64,	17,	'716552026',	136,	'2021-06-22 23:13:09',	2,	NULL,	'1624383514.34373',	'CANCEL',	NULL,	NULL,	NULL,	NULL,	NULL,	NULL),
(65,	17,	'714230885',	136,	'2021-06-22 23:14:15',	3,	NULL,	'1624383789.34375',	'CANCEL',	NULL,	NULL,	NULL,	NULL,	NULL,	NULL),
(66,	17,	'716552026',	136,	'2021-06-22 23:14:46',	3,	NULL,	'1624383856.34377',	'CANCEL',	NULL,	NULL,	NULL,	NULL,	NULL,	NULL),
(67,	19,	'714230885',	136,	'2021-06-22 23:23:53',	1,	NULL,	'1624384360.34379',	'CANCEL',	NULL,	NULL,	NULL,	NULL,	NULL,	NULL),
(68,	19,	'716552026',	136,	'2021-06-22 23:36:39',	1,	NULL,	'1624384878.34381',	'CANCEL',	NULL,	NULL,	NULL,	NULL,	NULL,	NULL),
(69,	19,	'757602040',	136,	'2021-06-22 23:41:23',	1,	NULL,	'1624385200.34383',	'CANCEL',	NULL,	NULL,	NULL,	NULL,	NULL,	NULL),
(70,	19,	'769167753',	136,	'2021-06-23 00:17:09',	1,	NULL,	'1624385484.34385',	'BUSY',	NULL,	NULL,	NULL,	NULL,	NULL,	NULL),
(71,	19,	'775223154',	136,	'2021-06-23 00:31:11',	1,	NULL,	'1624387868.34389',	'ANSWER',	NULL,	NULL,	NULL,	NULL,	NULL,	NULL),
(72,	19,	'775223154',	136,	'2021-06-23 00:37:26',	2,	NULL,	'1624388812.34391',	'ANSWER',	NULL,	NULL,	NULL,	NULL,	NULL,	NULL),
(73,	19,	'775223154',	136,	'2021-06-23 00:37:56',	3,	NULL,	'1624388847.34393',	'NO ANSWER',	NULL,	NULL,	NULL,	NULL,	NULL,	NULL),
(74,	20,	'714230885',	121,	'2021-06-23 10:10:40',	1,	NULL,	'1624423174.34395',	'BUSY',	NULL,	NULL,	NULL,	NULL,	NULL,	NULL),
(75,	20,	'716552026',	121,	'2021-06-23 10:13:04',	1,	NULL,	'1624423243.34397',	'CANCEL',	NULL,	NULL,	NULL,	NULL,	NULL,	NULL),
(76,	20,	'757602040',	121,	'2021-06-23 11:58:33',	1,	NULL,	'1624429629.34401',	'ANSWER',	NULL,	NULL,	NULL,	NULL,	NULL,	NULL),
(77,	20,	'777805804',	72,	'2021-06-23 13:43:30',	1,	NULL,	'1624435957.34550',	'ANSWER',	NULL,	NULL,	NULL,	NULL,	NULL,	NULL),
(78,	20,	'714230885',	72,	'2021-06-23 13:44:47',	2,	NULL,	'1624436013.34552',	'BUSY',	NULL,	NULL,	NULL,	NULL,	NULL,	NULL),
(79,	20,	'714230885',	72,	'2021-06-23 13:48:08',	3,	NULL,	'1624436101.34554',	'BUSY',	NULL,	NULL,	NULL,	NULL,	NULL,	NULL),
(80,	20,	'714230885',	72,	'2021-06-23 13:49:00',	4,	NULL,	'1624436293.34556',	'BUSY',	NULL,	NULL,	NULL,	NULL,	NULL,	NULL),
(81,	19,	'775223154',	136,	'2021-06-23 14:37:31',	4,	'Test',	'1624435781.34548',	'ANSWER',	NULL,	NULL,	NULL,	NULL,	NULL,	NULL),
(82,	19,	'775223154',	136,	'2021-06-23 14:43:29',	5,	'Test2',	'1624439263.34710',	'CANCEL',	NULL,	NULL,	NULL,	NULL,	NULL,	NULL),
(83,	19,	'775223154',	136,	'2021-06-23 15:28:30',	6,	'Test3',	'1624439612.34712',	'CANCEL',	NULL,	NULL,	NULL,	NULL,	NULL,	NULL),
(84,	19,	'777805804',	136,	'2021-06-23 15:30:30',	1,	'Test804',	'1624442312.34714',	'CANCEL',	NULL,	NULL,	NULL,	NULL,	NULL,	NULL),
(85,	19,	'777805804',	136,	'2021-06-23 15:33:05',	2,	'',	'1624442431.34716',	'CANCEL',	NULL,	NULL,	NULL,	NULL,	NULL,	NULL),
(86,	19,	'716552026',	136,	'2021-06-23 15:34:00',	2,	'',	'1624442587.34718',	'CANCEL',	NULL,	NULL,	NULL,	NULL,	NULL,	NULL),
(87,	19,	'714230885',	136,	'2021-06-23 15:35:17',	2,	'TestMadh',	'1624442642.34720',	'BUSY',	NULL,	NULL,	NULL,	NULL,	NULL,	NULL),
(88,	19,	'757602040',	136,	'2021-06-23 15:35:50',	2,	'',	'1624442719.34722',	'CANCEL',	NULL,	NULL,	NULL,	NULL,	NULL,	NULL),
(89,	19,	'769167753',	136,	'2021-06-23 15:49:00',	2,	'TestVi',	'1624442750.34724',	'CANCEL',	NULL,	NULL,	NULL,	NULL,	NULL,	NULL),
(90,	19,	'777805804',	136,	'2021-06-23 15:50:41',	3,	'TestSupp',	'1624443542.34726',	'CANCEL',	NULL,	NULL,	NULL,	NULL,	NULL,	NULL),
(91,	19,	'769167753',	136,	'2021-06-23 15:51:35',	3,	'Test',	'1624443642.34728',	'CANCEL',	NULL,	NULL,	NULL,	NULL,	NULL,	NULL),
(92,	19,	'757602040',	136,	'2021-06-23 15:52:03',	3,	'TestS',	'1624443697.34730',	'CANCEL',	NULL,	NULL,	NULL,	NULL,	NULL,	NULL),
(93,	19,	'714230885',	136,	'2021-06-23 15:52:44',	3,	'Test',	'1624443725.34733',	'BUSY',	NULL,	NULL,	NULL,	NULL,	NULL,	NULL),
(94,	19,	'716552026',	136,	'2021-06-23 15:53:15',	3,	'Testb',	'1624443764.34735',	'CANCEL',	NULL,	NULL,	NULL,	NULL,	NULL,	NULL),
(95,	21,	'716552026',	136,	'2021-06-23 16:36:05',	1,	'Test1san',	'1624446258.34737',	'CANCEL',	NULL,	NULL,	NULL,	NULL,	NULL,	NULL),
(96,	21,	'757602040',	136,	'2021-06-23 16:52:10',	1,	'Test2Sr',	'1624446368.34739',	'CANCEL',	NULL,	NULL,	NULL,	NULL,	NULL,	NULL),
(97,	21,	'716552026',	136,	'2021-06-23 16:52:51',	2,	'TestSanj',	'1624447332.34741',	'CANCEL',	NULL,	NULL,	NULL,	NULL,	NULL,	NULL),
(98,	21,	'757602040',	136,	'2021-06-23 16:53:26',	2,	'TestBr',	'1624447373.34743',	'CANCEL',	NULL,	NULL,	NULL,	NULL,	NULL,	NULL),
(99,	21,	'716552026',	136,	'2021-06-23 16:55:22',	3,	'Testsn3',	'1624447485.34745',	'CANCEL',	NULL,	NULL,	NULL,	NULL,	NULL,	NULL),
(100,	21,	'757602040',	136,	'2021-06-23 16:56:26',	3,	'TestAns',	'1624447525.34747',	'ANSWER',	NULL,	NULL,	NULL,	NULL,	NULL,	NULL),
(101,	22,	'716552026',	136,	'2021-06-23 17:26:24',	1,	'Test1',	'1624449302.34749',	'CANCEL',	NULL,	NULL,	NULL,	NULL,	NULL,	NULL),
(102,	22,	'757602040',	136,	'2021-06-23 17:27:08',	1,	'TestAns',	'1624449385.34751',	'ANSWER',	NULL,	NULL,	NULL,	NULL,	NULL,	NULL),
(103,	22,	'716552026',	136,	'2021-06-23 17:27:36',	2,	'Test',	'1624449428.34753',	'CANCEL',	NULL,	NULL,	NULL,	NULL,	NULL,	NULL),
(104,	22,	'716552026',	136,	'2021-06-23 17:28:14',	3,	'Test4',	'1624449456.34755',	'CANCEL',	NULL,	NULL,	NULL,	NULL,	NULL,	NULL),
(105,	23,	'716552026',	136,	'2021-06-23 18:16:07',	1,	'Sched',	'1624452283.34757',	'CANCEL',	NULL,	NULL,	NULL,	NULL,	NULL,	NULL),
(106,	23,	'716552026',	136,	'2021-06-23 18:22:18',	2,	'',	'1624452368.34759',	'BUSY',	NULL,	NULL,	NULL,	NULL,	NULL,	NULL),
(107,	23,	'757602040',	136,	'2021-06-23 18:23:16',	1,	'',	'1624452740.34761',	'ANSWER',	NULL,	NULL,	NULL,	NULL,	NULL,	NULL),
(108,	23,	'716552026',	136,	'2021-06-23 18:28:14',	3,	'',	'1624453030.34763',	'CANCEL',	NULL,	NULL,	NULL,	NULL,	NULL,	NULL),
(109,	23,	'716552026',	136,	'2021-06-23 18:36:20',	4,	'Schdpop',	'1624453502.34765',	'ANSWER',	NULL,	NULL,	NULL,	NULL,	NULL,	NULL),
(110,	23,	'716552026',	136,	'2021-06-23 18:37:28',	5,	'',	'1624453583.34767',	'ANSWER',	NULL,	NULL,	NULL,	NULL,	NULL,	NULL),
(111,	24,	'716552026',	136,	'2021-06-23 18:47:17',	1,	'Test1',	'1624454197.34769',	'CANCEL',	NULL,	NULL,	NULL,	NULL,	NULL,	NULL),
(112,	24,	'757602040',	136,	'2021-06-23 18:48:07',	1,	'',	'1624454238.34771',	'ANSWER',	NULL,	NULL,	NULL,	NULL,	NULL,	NULL),
(113,	24,	'716552026',	136,	'2021-06-23 18:48:47',	2,	'Sched',	'1624454287.34773',	'CANCEL',	NULL,	NULL,	NULL,	NULL,	NULL,	NULL),
(114,	24,	'757602040',	136,	'2021-06-23 18:50:58',	2,	'Canc',	'1624454402.34775',	'CANCEL',	NULL,	NULL,	NULL,	NULL,	NULL,	NULL),
(115,	24,	'716552026',	136,	'2021-06-23 18:55:27',	3,	'',	'1624454703.34777',	'CANCEL',	NULL,	NULL,	NULL,	NULL,	NULL,	NULL),
(116,	14,	'772423425',	121,	'2021-06-25 12:10:31',	1,	'',	'1624603170.37057',	'ANSWER',	NULL,	NULL,	NULL,	NULL,	NULL,	NULL),
(117,	26,	'716552026',	73,	'2021-06-28 16:35:35',	1,	'TEST CALL',	'1624878274.50856',	'ANSWER',	NULL,	NULL,	NULL,	NULL,	NULL,	NULL),
(118,	27,	'760194535',	121,	'2021-07-22 18:27:59',	1,	'',	'1626958630.9298',	'ANSWER',	NULL,	NULL,	NULL,	NULL,	NULL,	NULL),
(119,	27,	'772423425',	121,	'2021-07-22 18:28:33',	1,	'',	'1626958680.9300',	'ANSWER',	NULL,	NULL,	NULL,	NULL,	NULL,	NULL),
(120,	27,	'9715278937',	121,	'2021-07-22 18:29:47',	1,	'',	'1626958720.9302',	'NOANSWER',	NULL,	NULL,	NULL,	NULL,	NULL,	NULL),
(121,	27,	'9715278937',	121,	'2021-07-22 18:37:55',	2,	'',	'1626958787.9304',	'NOANSWER',	NULL,	NULL,	NULL,	NULL,	NULL,	NULL),
(122,	27,	'760194535',	121,	'2021-07-29 14:38:40',	3,	'Test',	'1627549670.7260',	'ANSWER',	NULL,	NULL,	NULL,	NULL,	NULL,	NULL),
(123,	28,	'716552026',	135,	'2021-07-30 12:02:57',	1,	'TestSanjeew',	'1627626717.7442',	'ANSWER',	NULL,	NULL,	NULL,	NULL,	NULL,	NULL),
(124,	28,	'757602040',	135,	'2021-07-30 12:03:37',	1,	'Test2SR',	'1627626778.7444',	'ANSWER',	NULL,	NULL,	NULL,	NULL,	NULL,	NULL),
(125,	32,	'716552026',	59,	'2021-08-03 13:34:14',	1,	'TestSanjeewa',	'1627977807.14998',	'ANSWER',	NULL,	NULL,	NULL,	NULL,	NULL,	NULL),
(126,	32,	'777805804',	59,	'2021-08-03 13:35:14',	1,	'TestSn1',	'1627977865.15000',	'ANSWER',	NULL,	NULL,	NULL,	NULL,	NULL,	NULL),
(127,	35,	'772423425',	121,	'2021-08-04 16:43:47',	1,	'Test',	'1628075599.15125',	'CANCEL',	NULL,	NULL,	NULL,	NULL,	NULL,	NULL),
(128,	35,	'9715278937',	121,	'2021-08-04 16:47:00',	1,	'TEST',	'1628075630.15127',	'NOANSWER',	NULL,	NULL,	NULL,	NULL,	NULL,	NULL),
(129,	38,	'777805804',	135,	'2021-08-06 14:06:48',	1,	'Test1',	'1628238933.16183',	'ANSWER',	NULL,	NULL,	NULL,	NULL,	NULL,	NULL),
(130,	39,	'757602040',	135,	'2021-08-06 16:36:17',	1,	'Test1',	'1628247937.16190',	'ANSWER',	NULL,	NULL,	NULL,	NULL,	NULL,	NULL),
(131,	40,	'0097152789',	135,	'2021-08-06 16:44:46',	1,	'Test16-1',	'1628248447.16195',	'NOANSWER',	NULL,	NULL,	NULL,	NULL,	NULL,	NULL),
(132,	40,	'757602040',	135,	'2021-08-06 16:45:59',	1,	'Test16-sr1',	'1628248523.16200',	'ANSWER',	NULL,	NULL,	NULL,	NULL,	NULL,	NULL),
(133,	40,	'0097152789',	135,	'2021-08-06 16:47:37',	2,	'Test16-2',	'1628248598.16205',	'NOANSWER',	NULL,	NULL,	NULL,	NULL,	NULL,	NULL),
(134,	40,	'0097152789',	135,	'2021-08-06 16:48:57',	3,	'Teast16-3',	'1628248696.16210',	'NOANSWER',	NULL,	NULL,	NULL,	NULL,	NULL,	NULL),
(135,	41,	'00971527893705',	135,	'2021-08-06 17:23:09',	1,	'TestIDD1',	'1628250745.16212',	'ANSWER',	NULL,	NULL,	NULL,	NULL,	NULL,	NULL),
(136,	41,	'757602040',	135,	'2021-08-06 17:24:24',	1,	'Test1',	'1628250830.16220',	'ANSWER',	NULL,	NULL,	NULL,	NULL,	NULL,	NULL),
(137,	42,	'00971527893705',	135,	'2021-08-06 17:30:16',	1,	'Testsched',	'1628251137.16225',	'ANSWER',	NULL,	NULL,	NULL,	NULL,	NULL,	NULL),
(138,	42,	'757602040',	135,	'2021-08-06 17:31:28',	1,	'Test6',	'1628251254.16230',	'ANSWER',	NULL,	NULL,	NULL,	NULL,	NULL,	NULL),
(139,	42,	'00971527893705',	135,	'2021-08-06 17:34:52',	2,	'Test01',	'1628251441.16232',	'CANCEL',	NULL,	NULL,	NULL,	NULL,	NULL,	NULL),
(140,	44,	'00971527893705',	121,	'2021-08-14 15:31:14',	1,	'Test',	'1628935186.28507',	'ANSWER',	NULL,	NULL,	NULL,	NULL,	NULL,	NULL),
(141,	46,	'00971527893705',	121,	'2021-08-14 20:01:10',	1,	'TEst',	'1628951425.35036',	'ANSWER',	NULL,	NULL,	NULL,	NULL,	NULL,	NULL),
(142,	46,	'760194535',	121,	'2021-08-14 20:12:02',	1,	'Test',	'1628951471.35038',	'NOANSWER',	NULL,	NULL,	NULL,	NULL,	NULL,	NULL),
(143,	46,	'760194535',	121,	'2021-08-16 10:14:27',	2,	'Test',	'1629088997.35043',	'CANCEL',	NULL,	NULL,	NULL,	NULL,	NULL,	NULL),
(144,	46,	'772423425',	121,	'2021-08-16 10:19:54',	1,	'',	'1629089068.35045',	'NOANSWER',	NULL,	NULL,	NULL,	NULL,	NULL,	NULL),
(145,	46,	'772423425',	121,	'2021-08-16 11:24:12',	3,	'',	'1629093175.35053',	'NOANSWER',	NULL,	NULL,	NULL,	NULL,	NULL,	NULL),
(146,	47,	'00971527893705',	121,	'2021-08-16 11:52:27',	1,	'Test',	'1629094907.35059',	'ANSWER',	NULL,	NULL,	NULL,	NULL,	NULL,	NULL),
(147,	47,	'760194535',	121,	'2021-08-16 11:53:16',	1,	'Test',	'1629094949.35061',	'ANSWER',	NULL,	NULL,	NULL,	NULL,	NULL,	NULL),
(148,	47,	'772423425',	121,	'2021-08-16 11:53:49',	1,	'Test',	'1629094998.35063',	'CANCEL',	NULL,	NULL,	NULL,	NULL,	NULL,	NULL),
(149,	47,	'772423425',	121,	'2021-08-16 11:55:30',	2,	'',	'1629095041.35065',	'NOANSWER',	NULL,	NULL,	NULL,	NULL,	NULL,	NULL),
(150,	47,	'772423425',	121,	'2021-08-16 11:56:17',	3,	'Test',	'1629095143.35067',	'ANSWER',	NULL,	NULL,	NULL,	NULL,	NULL,	NULL),
(151,	48,	'714230885',	134,	'2021-08-16 13:11:14',	1,	'',	'1629099499.37058',	'ANSWER',	NULL,	NULL,	NULL,	NULL,	NULL,	NULL),
(152,	48,	'716552026',	134,	'2021-08-16 13:12:02',	1,	'',	'1629099676.37065',	'ANSWER',	NULL,	NULL,	NULL,	NULL,	NULL,	NULL),
(153,	50,	'00971527893705',	121,	'2021-08-17 16:41:43',	1,	'Test',	'1629198645.74413',	'ANSWER',	NULL,	NULL,	NULL,	NULL,	NULL,	NULL),
(154,	50,	'760194535',	121,	'2021-08-17 16:42:25',	1,	'',	'1629198705.74415',	'Ringing',	NULL,	NULL,	NULL,	NULL,	NULL,	NULL),
(155,	50,	'772423425',	121,	'2021-08-17 16:43:15',	1,	'Test',	'1629198755.74417',	'ANSWER',	NULL,	NULL,	NULL,	NULL,	NULL,	NULL),
(156,	51,	'00971527893705',	74,	'2021-08-19 12:08:41',	1,	'Test',	'1629355001.74858',	'CANCEL',	NULL,	NULL,	NULL,	NULL,	NULL,	NULL),
(157,	51,	'760194535',	74,	'2021-08-19 12:09:47',	1,	'test',	'1629355124.74860',	'ANSWER',	NULL,	NULL,	NULL,	NULL,	NULL,	NULL),
(158,	51,	'772423425',	74,	'2021-08-19 12:11:29',	1,	'test',	'1629355205.74862',	'ANSWER',	NULL,	NULL,	NULL,	NULL,	NULL,	NULL),
(159,	52,	'00971527893705',	74,	'2021-09-29 16:18:17',	1,	'',	'1632912446.7403',	'ANSWER',	NULL,	NULL,	NULL,	NULL,	NULL,	NULL),
(160,	52,	'760194535',	74,	'2021-09-29 16:20:09',	1,	'',	'1632912506.7405',	'NOANSWER',	NULL,	NULL,	NULL,	NULL,	NULL,	NULL),
(161,	52,	'772423425',	74,	'2021-09-29 16:20:49',	1,	'',	'1632912611.7407',	'ANSWER',	NULL,	NULL,	NULL,	NULL,	NULL,	NULL),
(162,	52,	'760194535',	74,	'2021-09-29 16:21:52',	2,	'',	'1632912671.7409',	'BUSY',	NULL,	NULL,	NULL,	NULL,	NULL,	NULL),
(163,	52,	'760194535',	74,	'2021-09-29 16:47:50',	3,	'',	'1632914239.7411',	'ANSWER',	NULL,	NULL,	NULL,	NULL,	NULL,	NULL),
(164,	53,	'777805804',	137,	'2021-11-22 11:18:36',	1,	'test1',	'1637558316.1581',	'ANSWER',	NULL,	NULL,	NULL,	NULL,	NULL,	NULL),
(165,	54,	'716552026',	138,	'2021-11-22 13:37:51',	1,	'',	'1637568415.1583',	'ANSWER',	NULL,	NULL,	NULL,	NULL,	NULL,	NULL),
(166,	54,	'777805804',	138,	'2021-11-22 13:38:41',	1,	'test12',	'1637568472.1585',	'CANCEL',	NULL,	NULL,	NULL,	NULL,	NULL,	NULL),
(167,	54,	'777805804',	138,	'2021-11-22 13:39:26',	2,	'',	'1637568522.1587',	'ANSWER',	NULL,	NULL,	NULL,	NULL,	NULL,	NULL),
(169,	55,	'716552026',	139,	'2021-11-29 11:59:37',	1,	'',	'1638167316.7136',	'ANSWER',	NULL,	NULL,	NULL,	NULL,	NULL,	NULL),
(171,	57,	'716552026',	134,	'2021-11-29 13:28:52',	1,	'',	'1638172406.7140',	'ANSWER',	NULL,	NULL,	NULL,	NULL,	NULL,	NULL),
(173,	57,	'777805804',	134,	'2021-11-29 13:31:24',	1,	'',	'1638172735.7142',	'ANSWER',	NULL,	NULL,	NULL,	NULL,	NULL,	NULL),
(175,	59,	'716552026',	134,	'2021-11-29 13:35:21',	1,	'Test',	'1638173020.7144',	'BUSY',	NULL,	NULL,	NULL,	NULL,	NULL,	NULL),
(177,	59,	'777805804',	134,	'2021-11-29 13:39:56',	1,	'',	'1638173122.7146',	'CANCEL',	NULL,	NULL,	NULL,	NULL,	NULL,	NULL),
(179,	59,	'716552026',	134,	'2021-11-29 13:40:42',	2,	'',	'1638173397.7148',	'ANSWER',	NULL,	NULL,	NULL,	NULL,	NULL,	NULL),
(181,	59,	'777805804',	134,	'2021-11-29 13:42:16',	2,	'Test',	'1638173450.7150',	'ANSWER',	NULL,	NULL,	NULL,	NULL,	NULL,	NULL),
(183,	59,	'777805804',	134,	'2021-11-29 14:26:23',	3,	'',	'1638173702.7152',	'ANSWER',	NULL,	NULL,	NULL,	NULL,	NULL,	NULL),
(185,	61,	'716552026',	134,	'2021-11-29 14:37:40',	1,	'',	'1638176832.7155',	'ANSWER',	NULL,	NULL,	NULL,	NULL,	NULL,	NULL),
(187,	61,	'777805804',	134,	'2021-11-29 14:39:07',	1,	'Test',	'1638176877.7157',	'ANSWER',	NULL,	NULL,	NULL,	NULL,	NULL,	NULL),
(189,	63,	'716552026',	134,	'2021-11-29 16:22:31',	1,	'no answer',	'1638182984.7162',	'NOANSWER',	NULL,	NULL,	NULL,	NULL,	NULL,	NULL),
(191,	63,	'777805804',	134,	'2021-11-29 16:23:20',	1,	'no answer',	'1638183153.7164',	'Ringing',	NULL,	NULL,	NULL,	NULL,	NULL,	NULL),
(193,	63,	'716552026',	134,	'2021-11-29 16:24:28',	2,	'no answer 2',	'1638183235.7166',	'Ringing',	NULL,	NULL,	NULL,	NULL,	NULL,	NULL),
(195,	63,	'777805804',	134,	'2021-11-29 16:26:17',	2,	'no ringing',	'1638183317.7168',	'CHANUNAVAIL',	NULL,	NULL,	NULL,	NULL,	NULL,	NULL),
(197,	63,	'716552026',	134,	'2021-11-29 16:26:52',	3,	'no answer 3',	'1638183379.7170',	'Ringing',	NULL,	NULL,	NULL,	NULL,	NULL,	NULL),
(199,	63,	'777805804',	134,	'2021-11-29 16:28:15',	3,	'no answer 2',	'1638183458.7172',	'Ringing',	NULL,	NULL,	NULL,	NULL,	NULL,	NULL),
(200,	64,	'716552026',	134,	'2021-11-30 09:25:59',	1,	'test1',	'1638244490.15683',	'ANSWER',	NULL,	NULL,	NULL,	NULL,	NULL,	NULL),
(202,	64,	'777805804',	134,	'2021-11-30 09:27:57',	1,	'',	'1638244567.15685',	'NOANSWER',	NULL,	NULL,	NULL,	NULL,	NULL,	NULL),
(203,	64,	'777805804',	134,	'2021-11-30 09:50:33',	3,	'test',	'1638245998.7382',	'ANSWER',	NULL,	NULL,	NULL,	NULL,	NULL,	NULL),
(205,	64,	'740055461',	134,	'2021-11-30 10:11:10',	1,	'test2',	'1638247227.7384',	'ANSWER',	NULL,	NULL,	NULL,	NULL,	NULL,	NULL),
(207,	64,	'776546061',	134,	'2021-11-30 10:12:08',	1,	'',	'1638247271.7386',	'ANSWER',	NULL,	NULL,	NULL,	NULL,	NULL,	NULL),
(209,	69,	'716552026',	139,	'2021-11-30 12:13:56',	1,	'test1',	'1638254576.7391',	'ANSWER',	NULL,	NULL,	NULL,	NULL,	NULL,	NULL),
(211,	69,	'777805804',	139,	'2021-11-30 12:15:28',	1,	'',	'1638254646.7393',	'CANCEL',	NULL,	NULL,	NULL,	NULL,	NULL,	NULL),
(213,	69,	'777805804',	139,	'2021-11-30 12:20:40',	2,	'',	'1638255002.7395',	'Ringing',	NULL,	NULL,	NULL,	NULL,	NULL,	NULL),
(215,	69,	'777805804',	139,	'2021-11-30 12:21:22',	3,	'',	'1638255049.7397',	'Ringing',	NULL,	NULL,	NULL,	NULL,	NULL,	NULL),
(217,	71,	'716552026',	139,	'2021-12-01 09:13:38',	1,	'atemp1',	'1638330016.7997',	'NOANSWER',	NULL,	NULL,	NULL,	NULL,	NULL,	NULL),
(219,	71,	'777805804',	139,	'2021-12-01 09:14:30',	1,	'atemp1',	'1638330219.7999',	'CANCEL',	NULL,	NULL,	NULL,	NULL,	NULL,	NULL),
(221,	71,	'716552026',	139,	'2021-12-01 09:16:05',	2,	'atemp2',	'1638330272.8001',	'NOANSWER',	NULL,	NULL,	NULL,	NULL,	NULL,	NULL),
(223,	71,	'777805804',	139,	'2021-12-01 09:17:40',	2,	'atemp2',	'1638330367.8003',	'NOANSWER',	NULL,	NULL,	NULL,	NULL,	NULL,	NULL),
(225,	71,	'716552026',	139,	'2021-12-01 09:19:03',	3,	'',	'1638330461.8005',	'NOANSWER',	NULL,	NULL,	NULL,	NULL,	NULL,	NULL),
(227,	71,	'777805804',	139,	'2021-12-01 09:20:25',	3,	'',	'1638330544.8007',	'NOANSWER',	NULL,	NULL,	NULL,	NULL,	NULL,	NULL),
(229,	73,	'00971527893705',	115,	'2021-12-08 17:16:43',	1,	'Test',	'1638963955.19227',	'ANSWER',	NULL,	NULL,	NULL,	NULL,	NULL,	NULL),
(231,	73,	'0760194535',	115,	'2021-12-08 17:17:29',	1,	'Test',	'1638964006.19229',	'ANSWER',	NULL,	NULL,	NULL,	NULL,	NULL,	NULL),
(233,	73,	'772423425',	115,	'2021-12-08 17:19:07',	1,	'',	'1638964100.19231',	'BUSY',	NULL,	NULL,	NULL,	NULL,	NULL,	NULL);

CREATE TABLE `autodial_schedule` (
  `campaign_id` int(11) NOT NULL,
  `cus_number` varchar(20) NOT NULL,
  `user_id` int(11) DEFAULT NULL,
  `attempt` int(11) DEFAULT NULL,
  `call_scehdule` datetime DEFAULT NULL,
  KEY `fk_campaign_id_idx` (`campaign_id`) USING BTREE,
  KEY `fk_autodial_schedule_userid` (`user_id`) USING BTREE,
  KEY `fk3_cus_number` (`cus_number`) USING BTREE
) ENGINE=InnoDB DEFAULT CHARSET=utf8 ROW_FORMAT=DYNAMIC;

INSERT INTO `autodial_schedule` (`campaign_id`, `cus_number`, `user_id`, `attempt`, `call_scehdule`) VALUES
(1,	'778352168',	59,	1,	'2021-05-06 06:30:00'),
(1,	'778352168',	59,	1,	'2021-05-06 06:30:00'),
(1,	'778352168',	59,	1,	'2021-05-07 18:50:00'),
(1,	'778352168',	59,	1,	'2021-05-07 22:50:00'),
(5,	'769167753',	134,	1,	'2021-05-28 11:10:00'),
(5,	'757602040',	134,	1,	'2021-05-30 00:00:00'),
(5,	'769167753',	134,	1,	'2021-06-22 00:00:00'),
(5,	'769167753',	134,	1,	'2021-06-22 00:00:00'),
(5,	'769167753',	134,	1,	'2021-06-23 19:00:00'),
(5,	'769167753',	134,	1,	'2021-06-22 00:00:00'),
(5,	'714230885',	134,	1,	'2021-06-22 23:45:00'),
(1,	'716552026',	134,	0,	'2021-06-22 00:00:00'),
(5,	'757602040',	134,	1,	'2021-06-22 00:00:00'),
(5,	'769167753',	134,	1,	'2021-06-23 00:05:00'),
(5,	'769167753',	134,	1,	'2021-06-23 00:00:00'),
(5,	'769167753',	134,	1,	'2021-06-23 00:00:00'),
(19,	'775223154',	136,	1,	'2021-06-23 00:35:00'),
(20,	'714230885',	72,	2,	'2021-06-23 00:45:00'),
(20,	'714230885',	72,	2,	'2021-06-23 13:45:00'),
(19,	'777805804',	136,	1,	'2021-06-23 15:35:00'),
(19,	'714230885',	136,	2,	'2021-06-23 16:00:00'),
(23,	'716552026',	136,	1,	'2021-06-22 18:20:00'),
(23,	'716552026',	136,	3,	'2021-06-23 18:35:00'),
(24,	'757602040',	136,	1,	'2021-06-23 18:50:00'),
(24,	'716552026',	136,	2,	'2021-06-23 18:55:00'),
(27,	'760194535',	121,	1,	'2021-07-22 18:30:00'),
(30,	'716552026',	134,	1,	'2021-08-03 00:00:00'),
(42,	'00971527893705',	135,	1,	'2021-08-06 17:34:00'),
(46,	'760194535',	121,	1,	'2021-08-14 20:10:00'),
(46,	'772423425',	121,	1,	'2021-08-16 10:20:00'),
(47,	'760194535',	121,	1,	'2021-08-16 12:00:00'),
(51,	'772423425',	74,	1,	'2021-08-19 12:15:00'),
(52,	'760194535',	74,	1,	'2021-09-29 16:25:00'),
(55,	'777805804',	139,	1,	'2021-11-29 12:05:00'),
(59,	'777805804',	134,	1,	'2021-11-29 13:40:00'),
(59,	'777805804',	134,	2,	'2021-11-29 13:45:00'),
(61,	'777805804',	134,	1,	'2021-11-29 14:45:00'),
(64,	'777805804',	134,	1,	'2021-11-30 09:30:00'),
(64,	'776546061',	134,	1,	'2021-11-30 10:15:00'),
(69,	'777805804',	139,	1,	'2021-11-30 12:20:00'),
(73,	'772423425',	115,	1,	'2021-12-08 17:30:00');

CREATE TABLE `call_cmpgn_mtrl` (
  `id` int(11) NOT NULL AUTO_INCREMENT,
  `cmpgn_id` int(11) DEFAULT NULL,
  `des` varchar(255) DEFAULT NULL,
  `file` varchar(255) DEFAULT NULL,
  `user_id` int(11) DEFAULT NULL,
  `datetime` datetime DEFAULT NULL,
  `file_type` varchar(10) DEFAULT NULL,
  PRIMARY KEY (`id`) USING BTREE
) ENGINE=MyISAM DEFAULT CHARSET=latin1;

INSERT INTO `call_cmpgn_mtrl` (`id`, `cmpgn_id`, `des`, `file`, `user_id`, `datetime`, `file_type`) VALUES
(46,	39,	'test',	'file_0_2019_12_31_13_05_55.PNG',	1,	'2019-12-31 13:05:55',	'img'),
(47,	39,	'des image',	'file_0_2019_12_31_13_18_15.PNG',	1,	'2019-12-31 13:18:15',	'img'),
(55,	112,	'dashboard image',	'file_0_2020_03_03_11_31_51.PNG',	1,	'2020-03-03 11:31:51',	'img'),
(54,	41,	'dashboard image',	'file_0_2020_03_02_16_28_36.PNG',	1,	'2020-03-02 16:28:36',	'img'),
(56,	1,	'test',	'file_0_2021_05_04_13_10_02.jpg',	135,	'2021-05-04 13:10:02',	'img'),
(58,	64,	'test jpg',	'file_0_2021_11_30_10_42_12.jpg',	135,	'2021-11-30 10:42:12',	'img'),
(60,	66,	'',	'file_0_2021_11_30_10_53_47.jpg',	135,	'2021-11-30 10:53:47',	'img'),
(61,	64,	'test jpg',	'file_0_2021_11_30_11_05_41.jpg',	1,	'2021-11-30 11:05:41',	'img');

CREATE TABLE `call_cmpgn_scrpt` (
  `id` int(11) NOT NULL AUTO_INCREMENT,
  `cmpgn_id` int(11) DEFAULT NULL,
  `des` text DEFAULT NULL,
  `user_id` int(11) DEFAULT NULL,
  `datetime` datetime DEFAULT NULL,
  PRIMARY KEY (`id`) USING BTREE
) ENGINE=MyISAM DEFAULT CHARSET=latin1 ROW_FORMAT=DYNAMIC;

INSERT INTO `call_cmpgn_scrpt` (`id`, `cmpgn_id`, `des`, `user_id`, `datetime`) VALUES
(58,	11,	'this is new  one',	1,	'2020-06-07 13:02:24'),
(57,	113,	'this is test',	1,	'2020-06-07 13:01:37'),
(59,	1,	'dddd ddd',	121,	'2021-08-04 13:33:08'),
(60,	66,	'a question, often expressing doubt about something or looking for an answer from someone:\r\nEmail your comments, queries, or suggestions to us at this address.\r\nWe regret that we cannot answer every query.\r\nIf you have any queries, please don\'t hesitate to ask.\r\na query about sth I have a query about the second item on the agenda.',	1,	'2021-11-30 11:08:36');

CREATE TABLE `campaign` (
  `id` int(11) NOT NULL AUTO_INCREMENT,
  `name` varchar(45) NOT NULL,
  `active` tinyint(1) NOT NULL,
  PRIMARY KEY (`id`) USING BTREE
) ENGINE=InnoDB DEFAULT CHARSET=latin1;

INSERT INTO `campaign` (`id`, `name`, `active`) VALUES
(1,	'',	0);

CREATE TABLE `campaign_agent` (
  `campaign` int(11) NOT NULL,
  `agent` int(11) NOT NULL,
  PRIMARY KEY (`campaign`,`agent`) USING BTREE,
  KEY `fk_agent_has_campaign_campaign1_idx` (`campaign`) USING BTREE,
  KEY `fk_agent_has_campaign_agent_idx` (`agent`) USING BTREE,
  CONSTRAINT `campaign_agent_ibfk_1` FOREIGN KEY (`agent`) REFERENCES `agent` (`id`) ON DELETE NO ACTION ON UPDATE NO ACTION,
  CONSTRAINT `campaign_agent_ibfk_2` FOREIGN KEY (`campaign`) REFERENCES `campaign` (`id`) ON DELETE NO ACTION ON UPDATE NO ACTION
) ENGINE=InnoDB DEFAULT CHARSET=latin1;


CREATE TABLE `campaign_phone` (
  `campaign` int(11) NOT NULL,
  `phone` int(9) NOT NULL,
  PRIMARY KEY (`campaign`,`phone`) USING BTREE,
  KEY `fk_phone_has_campaign_campaign1_idx` (`campaign`) USING BTREE,
  KEY `fk_phone_has_campaign_phone1_idx` (`phone`) USING BTREE,
  CONSTRAINT `campaign_phone_ibfk_1` FOREIGN KEY (`campaign`) REFERENCES `campaign` (`id`) ON DELETE NO ACTION ON UPDATE NO ACTION,
  CONSTRAINT `campaign_phone_ibfk_2` FOREIGN KEY (`phone`) REFERENCES `phone` (`msisdn`) ON DELETE NO ACTION ON UPDATE NO ACTION
) ENGINE=InnoDB DEFAULT CHARSET=latin1;


CREATE TABLE `campaign_subscriber` (
  `campaign_id` int(11) NOT NULL,
  `subscriber_msisdn` int(9) NOT NULL,
  `attempt` int(11) NOT NULL DEFAULT 0,
  `retry_date` datetime DEFAULT NULL,
  `last_agent_attempted` int(11) DEFAULT NULL,
  `uniqueid` varchar(50) NOT NULL,
  `status` enum('ANSWER','NOANSWER','BUSY') DEFAULT NULL,
  PRIMARY KEY (`campaign_id`,`subscriber_msisdn`) USING BTREE,
  KEY `fk_subscriber_has_campaign_campaign1_idx` (`campaign_id`) USING BTREE,
  KEY `fk_subscriber_has_campaign_subscriber1_idx` (`subscriber_msisdn`) USING BTREE,
  KEY `fk_subscriber_has_user_master_idx` (`last_agent_attempted`) USING BTREE,
  CONSTRAINT `campaign_subscriber_ibfk_1` FOREIGN KEY (`campaign_id`) REFERENCES `campaign` (`id`) ON DELETE CASCADE ON UPDATE CASCADE,
  CONSTRAINT `campaign_subscriber_ibfk_2` FOREIGN KEY (`subscriber_msisdn`) REFERENCES `subscriber` (`msisdn`) ON DELETE CASCADE ON UPDATE CASCADE,
  CONSTRAINT `campaign_subscriber_ibfk_3` FOREIGN KEY (`last_agent_attempted`) REFERENCES `user_master` (`id`) ON DELETE CASCADE ON UPDATE CASCADE
) ENGINE=InnoDB DEFAULT CHARSET=latin1;


CREATE TABLE `func_data` (
  `id` int(11) NOT NULL AUTO_INCREMENT,
  `type` varchar(200) NOT NULL,
  `data` text NOT NULL,
  PRIMARY KEY (`id`) USING BTREE
) ENGINE=InnoDB DEFAULT CHARSET=latin1;

INSERT INTO `func_data` (`id`, `type`, `data`) VALUES
(1,	'x',	'20'),
(2,	'y',	'10'),
(3,	'progress',	'75'),
(6,	'warn',	'0'),
(7,	'amount',	'4'),
(8,	'total',	'3'),
(9,	'CURISONE_DOCTOR_DID',	'112166466'),
(10,	'CURISONE_HELPDESK_DID',	'112166400'),
(11,	'crm',	'0'),
(12,	'key',	'xgpyEAn5y/ySDtL4gFMbtkREP8tZ/C1pDEaDye4xbxcgzvRlLkhxwz15kv4XYa4A'),
(13,	'mac',	'00:0c:29:2e:45:17'),
(35,	'waittime',	'5'),
(36,	'livechat',	'10'),
(37,	'chatclose',	'10'),
(38,	'attempt',	'3'),
(39,	'notreadytime',	'0'),
(40,	'autodialtimeout',	'10'),
(41,	'version',	'11.28'),
(42,	'license',	'5+d2DdTvqCA='),
(44,	'exten_pass',	'abc123'),
(45,	'project_name',	'amanabank_cc');

CREATE TABLE `question_group_master` (
  `q_id` int(10) NOT NULL AUTO_INCREMENT,
  `g_name` tinytext NOT NULL,
  `active` int(1) NOT NULL,
  `created_date` timestamp NOT NULL DEFAULT '0000-00-00 00:00:00' ON UPDATE current_timestamp(),
  `user_id` int(10) NOT NULL,
  `cc` int(10) NOT NULL,
  PRIMARY KEY (`q_id`) USING BTREE
) ENGINE=InnoDB DEFAULT CHARSET=latin1;

INSERT INTO `question_group_master` (`q_id`, `g_name`, `active`, `created_date`, `user_id`, `cc`) VALUES
(1,	'Customer Diatils',	1,	'2019-12-07 13:11:47',	1,	0),
(2,	'Province',	1,	'2019-12-07 13:41:30',	1,	1),
(3,	'iptest1',	1,	'2019-12-07 14:04:03',	1,	0);

CREATE TABLE `section` (
  `id` int(11) NOT NULL AUTO_INCREMENT,
  `section` varchar(45) NOT NULL,
  `form_name` varchar(45) NOT NULL,
  PRIMARY KEY (`id`) USING BTREE
) ENGINE=InnoDB DEFAULT CHARSET=utf8;

INSERT INTO `section` (`id`, `section`, `form_name`) VALUES
(1,	'Manage User',	'users'),
(2,	'User Type',	'usertype'),
(3,	'Uer Privilage',	'privilagetype'),
(4,	'Live Report',	'livereport'),
(5,	'QueueReport',	'queuereport'),
(6,	'Queue Profile Report',	'queueprofile'),
(7,	'Queue Detail Report',	'queuedetail'),
(8,	'Abondon Call Report',	'abondoncall'),
(9,	'Break Report',	'breakreport'),
(10,	'Login Logout Report',	'loginlogout'),
(11,	'Activity Report',	'activity'),
(12,	'Call Traffic Report',	'calltraffic'),
(13,	'Call Hangup Report',	'callhangup'),
(14,	'Detail Call Log',	'detailcalllog'),
(15,	'Setting',	'setting'),
(16,	'Upload CSV',	'uploadcsv'),
(17,	'Campaign',	'campaign'),
(18,	'Data Download',	'datadownload'),
(19,	'Schema',	'schema'),
(20,	'Inbound Call Register',	'inboundcalls'),
(21,	'View Tickets',	'ViewTickets'),
(22,	'Ticket Details',	'ViewTicket'),
(23,	'Update Ticket Status',	'UpdateTicketStatus'),
(24,	'View Contacts',	'ViewContacts'),
(25,	'Add Contact',	'AddContact'),
(26,	'Edit Contact',	'EditContact'),
(27,	'Add Call Log',	'addcalllog'),
(28,	'View Call Log',	'ViewCallLog'),
(29,	'Add Ticket',	'AddTicket'),
(30,	'View Departments',	'ViewDepartments'),
(31,	'Add Department',	'AddDepartment'),
(32,	'Edit Department',	'EditDepartment'),
(33,	'View Subdepartment',	'ViewSubdepartments'),
(34,	'Edit Subdepartment',	'EditSubdepartment'),
(35,	'Add Subdepartment',	'AddSubdepartment'),
(36,	'Transfer Ticket',	'TransferTicket'),
(37,	'User Allocation',	'UserAllocation'),
(38,	'Callback Report',	'CallbackReport'),
(39,	'View Ticket Categories',	'ViewTicketCategories'),
(40,	'Add Ticket Category',	'AddTicketCategory'),
(41,	'Contact Upload',	'ContactUpload'),
(42,	'View Contact Types',	'ViewContactTypes'),
(43,	'Add Contact Type',	'AddContactType'),
(44,	'Add Phonebook Contact',	'AddPhonebookContact'),
(45,	'View Phonebook Contact',	'ViewPhonebookContacts'),
(46,	'Edit Phonebook Contact',	'EditPhonebookContact'),
(47,	'Reset Password',	'ResetPassword'),
(48,	'Call Recording',	'CallRecording'),
(49,	'Campaign Manage',	'viewcampaign'),
(50,	'Order Master Report',	'ordermaster'),
(51,	'Campaign Summary',	'campaignsummary'),
(52,	'Agent Campaign Summary',	'agentcampsummary'),
(53,	'Activity Detail',	'activitydetail'),
(54,	'scheddash',	'scheddash'),
(55,	'inboundoutbound',	'inboundoutbound'),
(56,	'campaign',	'campaign'),
(57,	'campaigns',	'campaigns'),
(58,	'Supervisor Dashboard Unit01',	'sdashboardunit1'),
(59,	'Supervisor Dashboard Unit02',	'sdashboardunit2'),
(60,	'Supervisor Dashboard Master',	'sdashboardmaster'),
(61,	'Disposition Report',	'disposition'),
(62,	'lvlonedashboard',	'Sale Channel DB'),
(63,	'lvltwodashboard',	'Location DB'),
(64,	'lvlthrdashboard',	'Product Category DB'),
(65,	'contacts',	'Contact Register'),
(66,	'searchCustomer',	'Ticket Entry'),
(67,	'ticketTransferDashboard',	'Reallocations'),
(68,	'toBeCompleteDashBoard',	'Followed-Up'),
(69,	'viewlevelone',	'Sale Channel Entry'),
(70,	'viewleveltwo',	'Location Entry'),
(71,	'viewlevelthr',	'Product Category Entry'),
(72,	'viewkpi_info',	'KPI Level Info Entry'),
(73,	'levelWiseUserAllocation',	'Supervisor Allocation Entry'),
(74,	'levelWiseaAgentAllocation',	'Agent Allocation Entry'),
(75,	'addnewcontact',	'Add New Contact'),
(76,	'addcalllog',	'Add Calllog View'),
(77,	'tickets',	'View Tickets'),
(78,	'ticket',	'View Ticket Details'),
(79,	'popupcallhistory',	'View Call History'),
(80,	'addcontact',	'Edit Contact View'),
(81,	'viewaddticket',	'View Add Ticket'),
(82,	'add_levelone_view',	'Level one Entry View'),
(83,	'add_leveltwo_view',	'Level two Entry View'),
(84,	'users',	'View User List'),
(85,	'usertype',	'View User Types'),
(86,	'privilagetype',	'View Privilage Type'),
(87,	'presetremarks',	'View Preset Remarks'),
(88,	'resetpassword',	'View Reset Password'),
(89,	'callrecords',	'Call Recording View'),
(90,	'slareports',	'View Sale Report'),
(91,	'uploadcsv',	'View Upload CSV'),
(92,	'campaigns',	'View Campaigns'),
(93,	'datadownload',	'Campaign Data Download View'),
(94,	'smscampaigns',	'Sms Campaign View'),
(95,	'add_levelthr_view',	'Add Product Category View'),
(96,	'add_kpi_info_view',	'Add KPI Level Info View'),
(97,	'inboundCallUpdateRecordInfo',	'inboundCallUpdateRecordInfo'),
(98,	'inboundcalls',	'inboundcalls'),
(99,	'lvlthragentdashboard',	'lvlthragentdashboard'),
(100,	'ticketTransferDashboard',	'ticketTransferDashboard'),
(101,	'viewtransferticket',	'viewtransferticket'),
(102,	'Cspuser_allocation',	'Cspuser_allocation'),
(103,	'TicketdetailsDashboard',	'TicketdetailsDashboard'),
(104,	'getexcelticket',	'getexcelticket'),
(105,	'toBeCompleteDashBoard',	'toBeCompleteDashBoard'),
(106,	'view_findcallhistory',	'view_findcallhistory'),
(107,	'View Complete Ticket',	'viewCompleteticket'),
(108,	'emailsrvdashboard',	'emailsrvdashboard'),
(109,	'archemailsrvdashboard',	'archemailsrvdashboard'),
(110,	'srvemailAgentAllocation',	'srvemailAgentAllocation'),
(111,	'smssrvdashboard',	'smssrvdashboard'),
(112,	'archsmssrvdashboard',	'archsmssrvdashboard'),
(113,	'view_srvyqn',	'view_srvyqn'),
(114,	'remainderdashboard',	'remainderdashboard'),
(115,	'faxsrvdashboard',	'faxsrvdashboard'),
(116,	'archfaxsrvdashboard',	'archfaxsrvdashboard'),
(117,	'QnreportDashboard',	'QnreportDashboard'),
(118,	'CallcampagntDashboard',	'CallcampagntDashboard'),
(119,	'CallcampagntsummryDashboard',	'CallcampagntsummryDashboard'),
(120,	'view_sipreglist',	'view_sipreglist'),
(121,	'view_queue_report',	'view_queue_report'),
(122,	'view_queue_det_report',	'view_queue_det_report'),
(123,	'view_agntactionhistory',	'view_agntactionhistory'),
(124,	'view_abncall_report',	'view_abncall_report'),
(125,	'view_outboundcall_report',	'view_outboundcall_report'),
(126,	'view_calls_det_report',	'view_calls_det_report'),
(127,	'view_agntcallhistory',	'view_agntcallhistory'),
(128,	'Agentdashboard',	'Agentdashboard'),
(129,	'view_agnt_det_report',	'view_agnt_det_report'),
(130,	'incomplete',	'incomplete'),
(131,	'CampaignDataDownload',	'datadownload'),
(132,	'donotCallNos',	'donotCallNos'),
(133,	'donotcall',	'donotcall'),
(134,	'viewEmailTemplates',	'viewEmailTemplates'),
(135,	'addEmailTemplates',	'addEmailTemplates'),
(136,	'viewEmailAttachment',	'viewEmailAttachment'),
(137,	'addnewemailAttachment',	'addnewemailAttachment'),
(138,	'viewqueueallocation',	'viewqueueallocation'),
(139,	'view_srvyqn',	'view_srvyqn'),
(140,	'csp_users',	'csp_users'),
(141,	'Archive WhatsApp SRV Dashboard',	'ArchiveWhatsAppSRV'),
(142,	'WhatsApp SRV Dashboard',	'WhatsappSRV'),
(143,	'Read Whatsapp Chat',	'ReadWhatsappChat'),
(144,	'Callback Request',	'callback_request_report'),
(145,	'Abandon Callback Report',	'view_abncallback_report'),
(146,	'IVR Report',	'ivrreport'),
(147,	'IVR Drop Detail Report',	'IVRDropDetail'),
(148,	'View Level Three',	'viewlevelthr'),
(150,	'View Evaluation Criteria Type',	'view_eval_crit_type_list'),
(151,	'View Evaluation Criteria Master List',	'view_eval_crit_mst_list'),
(152,	'View Abandon Hourly',	'view_abn_hourly_report'),
(153,	'View Queue Abandon Hourly',	'view_queue_abn_hourly_report'),
(154,	'IVR Extension Transfer Report',	'ivrextTransreport'),
(155,	'Occupancy Report',	'occupancy_report'),
(156,	'ArchiveWhatsAppsrvDashboard',	'ArchiveWhatsAppsrvDashboard'),
(157,	'view_agentaction_summ_report',	'view_agentaction_summ_report'),
(158,	'view_br_exceed_repo',	'view_br_exceed_repo'),
(159,	'View Call Summary Report',	'view_call_sum_repo'),
(161,	'view_add_eval_crit_type',	'view_add_eval_crit_type'),
(162,	'view_eval_cntxt',	'view_eval_cntxt'),
(163,	'view_evaluationContextMaster',	'view_evaluationContextMaster'),
(164,	'View Agent Ring Detail Report',	'view_agnt_ring_detail_report'),
(165,	'view_agnt_eval_mst_list',	'view_agnt_eval_mst_list'),
(166,	'view_add_agnt_eval_mst',	'view_add_agnt_eval_mst'),
(167,	'view_exten_allocation',	'view_exten_allocation'),
(168,	'',	'view_extension_list'),
(169,	'View Extension List',	'view_extension_list'),
(170,	'View Phone Book',	'view_phone_bk'),
(171,	'View User Action',	'view_useraction'),
(172,	'Queue Waiting Time Report',	'queue_waiting_time_report'),
(173,	'Call Rating Details Report',	'view_call_rate_det'),
(174,	'View Call Rating Summary Agent ',	'view_call_rate_summ_agnt'),
(175,	'View Call Rating Summary Queue',	'view_call_rate_summ_queue'),
(176,	'Evaluation criteria Master',	'view_eval_crit_mst_list'),
(177,	'View Add Evaluation Criteria',	'view_add_eval_crit_mst'),
(178,	'view_voicemail_detail_report',	'view_voicemail_detail_report'),
(179,	'view_ticket_summary',	'view_ticket_summary'),
(180,	'Agent Ticket Reports',	'lvlthragentdashboard_repo'),
(181,	'View Break Approval List',	'view_br_approval_master'),
(182,	'View Add Break Approval',	'view_add_br_approval'),
(183,	'View Break Request - sup Action',	'view_br_req_approval'),
(184,	'view_queue_allocation',	'view_queue_allocation'),
(185,	'View Edit Break Approval',	'view_edit_br_appr_shedule'),
(186,	'view_sms_csv_upload',	'view_sms_csv_upload'),
(187,	'View SMS Campaign',	'view_sms_campaign'),
(188,	'view Contact Allocation',	'view_sms_contact_allo'),
(189,	'View Edit SMS Campaign',	'view_edit_campgn'),
(190,	'View SMS Campaign Detail Report',	'view_smscamp_det_repo'),
(191,	'View Insert campaign',	'view_insertsmscamp'),
(192,	'View Contact  Allocation',	'view_contact_allo'),
(193,	'view_callhistory_detail_report',	'view_callhistory_detail_report'),
(194,	'view_ob_api_report',	'view_ob_api_report'),
(195,	'view_calls_det_report2',	'view_calls_det_report2'),
(196,	'view_voicemail_report2',	'view_voicemail_report2');

CREATE TABLE `tbl_donotcl_act` (
  `id` int(11) NOT NULL AUTO_INCREMENT,
  `activity` varchar(255) DEFAULT NULL,
  `user` varchar(255) DEFAULT NULL,
  `status` char(1) DEFAULT NULL,
  `datetime` datetime DEFAULT NULL,
  `contact_no` int(14) DEFAULT NULL,
  `campaign` int(11) DEFAULT NULL,
  PRIMARY KEY (`id`) USING BTREE
) ENGINE=MyISAM DEFAULT CHARSET=latin1;

INSERT INTO `tbl_donotcl_act` (`id`, `activity`, `user`, `status`, `datetime`, `contact_no`, `campaign`) VALUES
(1,	'Add Number to do not call list',	'1',	'Y',	'2020-06-10 15:10:10',	757602040,	140),
(2,	'Add Number to do not call list',	'1',	'Y',	'2020-06-10 15:10:36',	757602040,	139),
(3,	'Add Number to do not call list',	'1',	'Y',	'2020-06-10 15:11:32',	757602040,	139),
(4,	'Add Number to do not call list',	'1',	'Y',	'2020-06-10 15:13:37',	757602040,	126),
(5,	'Add Number to do not call list',	'1',	'Y',	'2020-06-10 15:14:19',	757602040,	125),
(6,	'Add Number to do not call list',	'1',	'Y',	'2020-06-10 15:26:03',	757602040,	140),
(7,	'Add Number to do not call list',	'1',	'Y',	'2020-06-10 15:28:32',	778352168,	140),
(8,	'Remove Number to do not call list',	'1',	'N',	'2020-06-10 15:57:31',	778352168,	140),
(9,	'Remove Number to do not call list',	'1',	'N',	'2020-06-10 15:58:50',	778352168,	140),
(10,	'Remove Number to do not call list',	'1',	'N',	'2020-06-10 16:01:24',	757602040,	140),
(11,	'Add Number to do not call list',	'1',	'Y',	'2020-06-10 16:07:03',	772444469,	140),
(12,	'Add Number to do not call list',	'1',	'Y',	'2020-06-10 16:07:41',	776116362,	140),
(13,	'Add Number to do not call list',	'1',	'Y',	'2020-06-10 16:24:40',	757602040,	140),
(14,	'Remove Number to do not call list',	'1',	'',	'2020-06-10 16:26:22',	757602040,	140),
(15,	'Remove Number to do not call list',	'1',	'',	'2020-06-10 16:26:25',	772444469,	140),
(16,	'Remove Number to do not call list',	'1',	'',	'2020-06-10 16:26:28',	776116362,	140),
(17,	'Add Number to do not call list',	'1',	'Y',	'2020-06-10 16:26:56',	757602040,	140),
(18,	'Remove Number to do not call list',	'1',	'',	'2020-06-11 09:16:24',	757602040,	140),
(19,	'Add Number to do not call list',	'1',	'Y',	'2020-06-11 09:22:29',	757602040,	NULL),
(20,	'Add Number to do not call list',	'1',	'Y',	'2020-06-17 16:45:26',	112939206,	4),
(21,	'Remove Number to do not call list',	'1',	'',	'2020-06-17 16:46:07',	112939206,	4),
(22,	'Remove Number to do not call list',	'1',	'',	'2020-06-17 16:46:47',	112939206,	4),
(23,	'Add Number to do not call list',	'1',	'Y',	'2020-06-17 16:47:01',	112939206,	4);

CREATE TABLE `tbl_dontcl_nos` (
  `id` int(11) NOT NULL AUTO_INCREMENT,
  `contact_no` int(14) DEFAULT NULL,
  `campaign` int(11) DEFAULT NULL,
  `comments` text DEFAULT NULL,
  `user` int(11) DEFAULT NULL,
  `datetime` datetime DEFAULT NULL,
  PRIMARY KEY (`id`) USING BTREE
) ENGINE=MyISAM DEFAULT CHARSET=latin1;

INSERT INTO `tbl_dontcl_nos` (`id`, `contact_no`, `campaign`, `comments`, `user`, `datetime`) VALUES
(18,	112939206,	4,	'ddd',	1,	'2020-06-17 16:47:01');

CREATE TABLE `tbl_exten_allocation` (
  `id` int(10) NOT NULL AUTO_INCREMENT,
  `user_id` int(10) DEFAULT NULL,
  `exten_id` varchar(40) DEFAULT NULL,
  `cre_user_id` int(10) DEFAULT NULL,
  `cre_datetime` datetime NOT NULL,
  PRIMARY KEY (`id`) USING BTREE,
  KEY `exten_id` (`exten_id`) USING BTREE
) ENGINE=InnoDB DEFAULT CHARSET=latin1;

INSERT INTO `tbl_exten_allocation` (`id`, `user_id`, `exten_id`, `cre_user_id`, `cre_datetime`) VALUES
(36,	71,	'5901',	135,	'2021-05-18 12:09:46'),
(40,	121,	'5920',	135,	'2021-05-25 10:02:25'),
(41,	133,	'5902',	135,	'2021-05-28 11:47:11'),
(44,	115,	'5914',	115,	'2021-05-31 09:48:15'),
(45,	122,	'5919',	121,	'2021-05-31 12:46:26'),
(46,	74,	'5904',	121,	'2021-06-04 13:31:59'),
(48,	113,	'5913',	121,	'2021-06-04 13:35:02'),
(49,	106,	'5908',	121,	'2021-06-04 13:35:16'),
(50,	116,	'5917',	121,	'2021-06-04 13:37:18'),
(51,	72,	'5902',	121,	'2021-06-22 17:20:45'),
(52,	73,	'5903',	115,	'2021-06-23 17:26:20'),
(54,	110,	'5910',	115,	'2021-06-23 18:00:23'),
(55,	75,	'5905',	121,	'2021-08-06 14:24:59'),
(56,	107,	'5906',	121,	'2021-08-06 14:27:08'),
(58,	105,	'5907',	121,	'2021-08-06 14:28:02'),
(59,	109,	'5909',	121,	'2021-08-06 14:35:24'),
(60,	108,	'5911',	121,	'2021-08-06 14:44:05'),
(61,	112,	'5912',	121,	'2021-08-06 14:45:26'),
(62,	117,	'5915',	121,	'2021-08-06 14:48:49'),
(63,	118,	'5916',	121,	'2021-08-06 14:50:09'),
(64,	119,	'5918',	121,	'2021-08-06 15:04:14'),
(65,	120,	'5919',	121,	'2021-08-06 15:04:38'),
(67,	59,	'5913',	121,	'2021-08-06 15:52:05'),
(68,	111,	'5906',	121,	'2021-08-06 15:53:47'),
(69,	134,	'5906',	121,	'2021-08-17 17:10:00');

CREATE TABLE `tbl_qnans_det` (
  `id` int(11) NOT NULL AUTO_INCREMENT,
  `qnans_id` int(11) DEFAULT NULL,
  `qn_id` int(11) DEFAULT NULL,
  `qn_ans` varchar(255) DEFAULT NULL,
  PRIMARY KEY (`id`) USING BTREE
) ENGINE=MyISAM DEFAULT CHARSET=latin1;

INSERT INTO `tbl_qnans_det` (`id`, `qnans_id`, `qn_id`, `qn_ans`) VALUES
(39,	7,	6,	'hellow'),
(37,	7,	1,	'csp inbound'),
(38,	7,	5,	'Yes'),
(36,	7,	4,	'No'),
(35,	7,	3,	'Yes'),
(33,	7,	2,	'On behalf of a business'),
(34,	7,	2,	'Other'),
(32,	7,	2,	'Self'),
(40,	8,	2,	'Self'),
(41,	8,	3,	'Yes'),
(42,	8,	4,	'No'),
(43,	8,	1,	'csp system'),
(44,	8,	5,	'No'),
(45,	8,	6,	'hellow'),
(46,	9,	2,	'On behalf of a business'),
(47,	9,	3,	'Yes'),
(48,	9,	4,	'No'),
(49,	9,	1,	'csp inbound'),
(50,	9,	5,	'No'),
(51,	9,	6,	'hellow'),
(52,	10,	2,	'Self'),
(53,	10,	3,	'Yes'),
(54,	10,	4,	'Yes'),
(55,	10,	1,	'csp system'),
(56,	10,	5,	'Yes'),
(57,	10,	6,	'tashi recomendation'),
(58,	11,	2,	'Self'),
(59,	11,	3,	'Yes'),
(60,	11,	4,	'Yes'),
(61,	11,	1,	'csp inbound'),
(62,	11,	5,	'No'),
(63,	11,	6,	'braba test'),
(64,	13,	3,	'Yes'),
(65,	13,	2,	'Self'),
(66,	13,	1,	'callcenter repoting system'),
(67,	15,	3,	'Yes'),
(68,	15,	2,	'Self'),
(69,	15,	1,	'callcenter'),
(70,	16,	3,	'Yes'),
(71,	16,	2,	'Self'),
(72,	16,	1,	'callcenter'),
(73,	17,	3,	'Yes'),
(74,	17,	2,	'Self'),
(75,	17,	1,	'callcenter'),
(76,	20,	3,	'No'),
(77,	20,	2,	'Self'),
(78,	20,	1,	'callcenter repoting system'),
(79,	21,	3,	'Yes'),
(80,	21,	2,	'Self'),
(81,	21,	1,	'callcenter'),
(82,	22,	3,	'Yes'),
(83,	22,	2,	'Self'),
(84,	22,	1,	'callcenter repoting system'),
(85,	23,	3,	'Yes'),
(86,	23,	2,	'Self'),
(87,	23,	1,	'callcenter repoting system'),
(88,	24,	3,	'No'),
(89,	24,	2,	'Self'),
(90,	24,	1,	'callcenter repoting system'),
(91,	25,	3,	'Yes'),
(92,	25,	2,	'Self'),
(93,	25,	1,	NULL),
(94,	26,	3,	'Yes'),
(95,	26,	2,	'Self'),
(96,	26,	1,	'callcenter repoting system'),
(97,	27,	3,	'Yes'),
(98,	27,	2,	'Self'),
(99,	27,	1,	'callcenter repoting system'),
(100,	28,	3,	'Yes'),
(101,	28,	2,	'Self'),
(102,	28,	1,	'callcenter'),
(103,	29,	3,	'Yes'),
(104,	29,	2,	'Self'),
(105,	29,	1,	'callcenter'),
(106,	30,	3,	'Yes'),
(107,	30,	2,	'Self'),
(108,	30,	1,	'callcenter'),
(109,	31,	3,	'Yes'),
(110,	31,	2,	'Self'),
(111,	31,	1,	'callcenter'),
(112,	32,	3,	'Yes'),
(113,	32,	2,	'Self'),
(114,	32,	1,	'callcenter'),
(115,	33,	3,	'Yes'),
(116,	33,	2,	'Self'),
(117,	33,	1,	'callcenter'),
(118,	34,	3,	'Yes'),
(119,	34,	2,	'Self'),
(120,	34,	1,	'callcenter'),
(121,	35,	3,	'Yes'),
(122,	35,	2,	'Self'),
(123,	35,	1,	'callcenter repoting system'),
(124,	36,	3,	'Yes'),
(125,	36,	2,	'Self'),
(126,	36,	1,	'callcenter'),
(127,	37,	3,	'Yes'),
(128,	37,	2,	'Self'),
(129,	37,	1,	'callcenter'),
(130,	38,	3,	'Yes'),
(131,	38,	2,	'Self'),
(132,	38,	1,	'callcenter'),
(133,	39,	3,	'Yes'),
(134,	39,	2,	'Self'),
(135,	39,	1,	'callcenter'),
(136,	40,	3,	'Yes'),
(137,	40,	2,	'Self'),
(138,	40,	1,	'callcenter'),
(139,	41,	3,	'Yes'),
(140,	41,	2,	'Self'),
(141,	41,	1,	'callcenter'),
(142,	42,	3,	'Yes'),
(143,	42,	2,	'Self'),
(144,	42,	1,	'callcenter'),
(145,	43,	3,	'Yes'),
(146,	43,	2,	'Self'),
(147,	43,	1,	'csp inbound'),
(148,	44,	3,	'Yes'),
(149,	44,	2,	'Self'),
(150,	44,	1,	'csp inbound'),
(151,	45,	3,	'Yes'),
(152,	45,	2,	'Self'),
(153,	45,	1,	'callcenter'),
(154,	46,	3,	'No'),
(155,	46,	2,	'Self'),
(156,	46,	1,	'callcenter'),
(157,	47,	3,	'No'),
(158,	47,	2,	'Self'),
(159,	47,	1,	'callcenter'),
(160,	48,	3,	'Yes'),
(161,	48,	2,	'Self'),
(162,	48,	1,	'callcenter repoting system'),
(163,	49,	3,	'Yes'),
(164,	49,	2,	'Self'),
(165,	49,	1,	NULL),
(166,	50,	3,	'Yes'),
(167,	50,	2,	'Self'),
(168,	50,	1,	NULL),
(169,	51,	3,	'Yes'),
(170,	51,	2,	'Self'),
(171,	51,	1,	NULL),
(172,	52,	3,	'Yes'),
(173,	52,	2,	'Self'),
(174,	52,	1,	NULL),
(175,	53,	3,	'Yes'),
(176,	53,	2,	'Self'),
(177,	53,	1,	NULL),
(178,	54,	3,	'Yes'),
(179,	54,	2,	'Self'),
(180,	54,	1,	NULL),
(181,	56,	3,	'Yes'),
(182,	56,	2,	'Self'),
(183,	56,	1,	NULL),
(184,	57,	3,	'Yes'),
(185,	57,	2,	'Self'),
(186,	57,	1,	NULL),
(187,	58,	3,	'Yes'),
(188,	58,	2,	'Self'),
(189,	58,	1,	NULL),
(190,	59,	3,	'Yes'),
(191,	59,	2,	'Self'),
(192,	59,	1,	NULL),
(193,	60,	3,	'Yes'),
(194,	60,	2,	'Self'),
(195,	60,	1,	NULL),
(196,	61,	3,	'Yes'),
(197,	61,	2,	'Self'),
(198,	61,	1,	NULL),
(199,	62,	3,	'Yes'),
(200,	62,	2,	'Self'),
(201,	62,	1,	NULL),
(202,	20,	1,	NULL),
(203,	21,	1,	NULL),
(204,	22,	1,	NULL),
(205,	23,	1,	NULL),
(206,	24,	1,	NULL),
(207,	25,	1,	NULL),
(208,	26,	1,	NULL),
(209,	27,	1,	NULL),
(210,	28,	1,	NULL),
(211,	29,	1,	'new option'),
(212,	30,	1,	NULL),
(213,	31,	1,	NULL),
(214,	32,	1,	NULL),
(215,	33,	1,	NULL),
(216,	35,	1,	'new option'),
(217,	36,	1,	'etc'),
(218,	37,	1,	'new option'),
(219,	38,	1,	'etc'),
(220,	39,	2,	'Yes'),
(221,	40,	2,	'Yes'),
(222,	41,	2,	'Yes'),
(223,	42,	2,	'Yes'),
(224,	43,	2,	NULL),
(225,	44,	2,	'Yes'),
(226,	45,	2,	'Yes'),
(227,	46,	2,	'Yes'),
(228,	47,	2,	'Yes'),
(229,	48,	2,	NULL),
(230,	49,	2,	NULL),
(231,	50,	2,	NULL),
(232,	51,	2,	NULL),
(233,	52,	2,	NULL),
(234,	53,	2,	NULL),
(235,	54,	2,	NULL),
(236,	55,	2,	NULL),
(237,	56,	1,	NULL),
(238,	57,	1,	NULL),
(239,	58,	1,	NULL),
(240,	59,	1,	NULL),
(241,	60,	2,	NULL),
(242,	61,	5,	NULL),
(243,	62,	2,	'No'),
(244,	63,	2,	NULL),
(245,	64,	2,	NULL),
(246,	65,	2,	NULL),
(247,	66,	2,	NULL),
(248,	67,	2,	NULL),
(249,	68,	2,	NULL),
(250,	69,	2,	NULL),
(251,	70,	2,	NULL),
(252,	71,	2,	NULL),
(253,	72,	2,	NULL),
(254,	73,	2,	NULL),
(255,	74,	2,	NULL),
(256,	75,	2,	NULL),
(257,	76,	2,	NULL),
(258,	77,	2,	NULL),
(259,	78,	4,	'Yes'),
(260,	79,	4,	NULL),
(261,	80,	4,	NULL),
(262,	81,	4,	NULL),
(263,	82,	4,	NULL),
(264,	83,	4,	'Yes'),
(265,	84,	4,	'Yes'),
(266,	85,	4,	'Yes'),
(267,	86,	4,	NULL),
(268,	87,	4,	NULL),
(269,	88,	4,	'No'),
(270,	89,	4,	NULL),
(271,	90,	4,	NULL),
(272,	91,	4,	NULL),
(273,	92,	4,	'Yes'),
(274,	93,	4,	NULL),
(275,	94,	4,	NULL),
(276,	95,	4,	NULL),
(277,	96,	4,	NULL),
(278,	97,	4,	NULL),
(279,	98,	4,	NULL),
(280,	99,	4,	NULL),
(281,	100,	4,	NULL),
(282,	101,	4,	NULL),
(283,	102,	4,	NULL),
(284,	103,	4,	NULL),
(285,	104,	4,	NULL),
(286,	105,	4,	NULL),
(287,	106,	4,	NULL),
(288,	107,	4,	NULL),
(289,	108,	4,	NULL),
(290,	109,	4,	NULL),
(291,	110,	4,	NULL),
(292,	111,	4,	NULL),
(293,	112,	4,	NULL),
(294,	113,	4,	NULL),
(295,	114,	4,	NULL),
(296,	115,	4,	NULL),
(297,	116,	4,	NULL),
(298,	117,	4,	NULL),
(299,	118,	4,	NULL),
(300,	119,	4,	NULL),
(301,	120,	4,	NULL),
(302,	121,	4,	NULL),
(303,	122,	4,	NULL),
(304,	123,	4,	NULL),
(305,	124,	4,	NULL),
(306,	125,	4,	NULL),
(307,	126,	4,	NULL),
(308,	127,	5,	NULL),
(309,	128,	4,	NULL),
(310,	129,	5,	NULL),
(311,	130,	5,	NULL),
(312,	131,	5,	NULL),
(313,	132,	5,	NULL),
(314,	133,	5,	NULL),
(315,	134,	1,	NULL),
(316,	135,	1,	NULL),
(317,	138,	1,	NULL),
(318,	139,	1,	'new option'),
(319,	141,	2,	NULL),
(320,	142,	2,	NULL),
(321,	143,	5,	NULL),
(322,	144,	4,	NULL),
(323,	145,	4,	NULL),
(324,	146,	4,	NULL),
(325,	147,	4,	NULL),
(326,	148,	4,	NULL),
(327,	149,	4,	NULL),
(328,	150,	4,	NULL),
(329,	151,	3,	NULL),
(330,	152,	3,	NULL),
(331,	153,	3,	NULL),
(332,	154,	7,	'Pending for Verification'),
(333,	154,	6,	'SMS Alerts'),
(334,	155,	7,	'Pending for Verification'),
(335,	155,	6,	'E-Statement'),
(336,	156,	7,	'Verification Complete'),
(337,	156,	6,	'SMS Alerts'),
(338,	157,	7,	'Pending for Verification'),
(339,	157,	6,	'SMS Alerts'),
(340,	158,	7,	NULL),
(341,	158,	6,	NULL),
(342,	159,	7,	NULL),
(343,	159,	6,	NULL),
(344,	160,	7,	'Verification Complete'),
(345,	160,	6,	'SMS Alerts'),
(346,	161,	7,	'Pending for Verification'),
(347,	161,	6,	'E-Statement'),
(348,	162,	7,	NULL),
(349,	162,	6,	NULL),
(350,	163,	7,	NULL),
(351,	163,	6,	NULL),
(352,	164,	7,	'Out of criteria'),
(353,	164,	6,	'E-Statement'),
(354,	165,	8,	'Department'),
(355,	165,	8,	'Your Name'),
(356,	165,	9,	'No'),
(357,	166,	8,	'City Name'),
(358,	166,	8,	'Customer Name'),
(359,	166,	9,	'No'),
(360,	167,	6,	'E-Statement'),
(361,	167,	7,	'Verification Complete'),
(362,	167,	10,	'Both'),
(363,	167,	11,	'5'),
(364,	168,	6,	'E-Statement'),
(365,	168,	7,	'Verification Complete'),
(366,	168,	10,	'SMS Only'),
(367,	168,	11,	'4'),
(368,	169,	6,	'SMS Alerts'),
(369,	169,	7,	'Pending for Verification'),
(370,	169,	10,	'E-Statement Only'),
(371,	169,	11,	'4'),
(372,	170,	6,	'SMS Alerts'),
(373,	170,	7,	'Verification Complete'),
(374,	170,	10,	'SMS Only'),
(375,	170,	10,	'E-Statement Only'),
(376,	170,	11,	NULL),
(377,	171,	6,	'E-Statement'),
(378,	171,	7,	'Out of criteria'),
(379,	171,	10,	'E-Statement Only'),
(380,	171,	11,	'4'),
(381,	173,	6,	'SMS Alerts'),
(382,	173,	7,	'Pending for Verification'),
(383,	173,	10,	'SMS Only'),
(384,	173,	11,	NULL),
(385,	174,	6,	'SMS Alerts'),
(386,	174,	7,	'Verification Complete'),
(387,	174,	10,	'SMS Only'),
(388,	174,	11,	NULL),
(389,	176,	6,	'Both'),
(390,	176,	7,	'Out of criteria'),
(391,	176,	10,	'Both'),
(392,	176,	11,	NULL),
(393,	177,	6,	'E-Statement'),
(394,	177,	7,	'Verification Complete'),
(395,	177,	10,	'SMS Only'),
(396,	177,	11,	NULL),
(397,	179,	6,	'E-Statement'),
(398,	179,	7,	'Verification Complete'),
(399,	179,	10,	'Both'),
(400,	179,	11,	NULL),
(401,	180,	6,	'SMS Alerts'),
(402,	180,	7,	'Verification Complete'),
(403,	180,	10,	'SMS Only'),
(404,	180,	11,	NULL),
(405,	181,	2,	'Yes'),
(406,	185,	6,	'Both'),
(407,	185,	7,	'Verification Complete'),
(408,	185,	10,	'E-Statement Only'),
(409,	185,	11,	'test'),
(410,	186,	6,	'E-Statement'),
(411,	186,	7,	'Out of criteria'),
(412,	186,	10,	'SMS Only'),
(413,	186,	11,	'test2'),
(414,	187,	6,	'SMS Alerts'),
(415,	187,	7,	'Verification Complete'),
(416,	187,	10,	'E-Statement Only'),
(417,	187,	11,	'test4'),
(419,	189,	6,	'E-Statement'),
(421,	189,	7,	'Verification Complete'),
(423,	189,	10,	'Both'),
(425,	189,	11,	'test1'),
(427,	195,	6,	'E-Statement'),
(429,	195,	7,	'Pending for Verification'),
(431,	195,	10,	'E-Statement Only'),
(433,	195,	11,	'4'),
(435,	199,	6,	'E-Statement'),
(437,	199,	7,	'Pending for Verification'),
(439,	199,	10,	'E-Statement Only'),
(441,	199,	11,	'Test'),
(443,	203,	6,	'E-Statement'),
(445,	203,	7,	'Pending for Verification'),
(447,	203,	10,	'E-Statement Only'),
(449,	203,	11,	'Test'),
(451,	205,	6,	'E-Statement'),
(453,	205,	7,	'Pending for Verification'),
(455,	205,	10,	'E-Statement Only'),
(457,	205,	11,	'Test'),
(459,	213,	6,	''),
(461,	213,	7,	''),
(463,	213,	10,	''),
(465,	213,	11,	''),
(467,	215,	6,	'E-Statement'),
(469,	215,	7,	'Verification Complete'),
(471,	215,	10,	'E-Statement Only'),
(473,	215,	11,	''),
(475,	217,	6,	''),
(477,	217,	7,	''),
(479,	217,	10,	''),
(481,	217,	11,	''),
(483,	219,	6,	''),
(485,	219,	7,	''),
(487,	219,	10,	''),
(489,	219,	11,	''),
(491,	221,	6,	''),
(493,	221,	7,	''),
(495,	221,	10,	''),
(497,	221,	11,	''),
(499,	223,	6,	''),
(501,	223,	7,	''),
(503,	223,	10,	''),
(505,	223,	11,	''),
(507,	225,	6,	''),
(509,	225,	7,	''),
(511,	225,	10,	''),
(513,	225,	11,	''),
(515,	227,	6,	''),
(517,	227,	7,	''),
(519,	227,	10,	''),
(521,	227,	11,	''),
(523,	229,	6,	''),
(525,	229,	7,	''),
(527,	229,	10,	''),
(529,	229,	11,	''),
(531,	239,	6,	'E-Statement'),
(533,	239,	7,	'Out of criteria'),
(535,	239,	10,	'SMS Only'),
(537,	239,	11,	'4'),
(539,	241,	6,	''),
(541,	241,	7,	''),
(543,	241,	10,	''),
(545,	241,	11,	''),
(547,	243,	6,	''),
(549,	243,	7,	''),
(551,	243,	10,	''),
(553,	243,	11,	'test'),
(555,	245,	6,	''),
(557,	245,	7,	''),
(559,	245,	10,	''),
(561,	245,	11,	'5'),
(563,	247,	6,	''),
(565,	247,	7,	''),
(567,	247,	10,	''),
(569,	247,	11,	''),
(571,	249,	6,	''),
(573,	249,	7,	''),
(575,	249,	10,	''),
(577,	249,	11,	''),
(579,	251,	6,	''),
(581,	251,	7,	''),
(583,	251,	10,	''),
(585,	251,	11,	''),
(587,	253,	6,	''),
(589,	253,	7,	''),
(591,	253,	10,	''),
(593,	253,	11,	''),
(595,	255,	6,	''),
(597,	255,	7,	''),
(599,	255,	10,	''),
(601,	255,	11,	'atemp3'),
(603,	257,	6,	''),
(605,	257,	7,	''),
(607,	257,	10,	''),
(609,	257,	11,	'atemp3'),
(611,	259,	6,	'SMS Alerts'),
(613,	259,	7,	'Verification Complete'),
(615,	259,	10,	'SMS Only'),
(617,	259,	11,	'Test'),
(619,	261,	6,	'SMS Alerts'),
(621,	261,	7,	'Verification Complete'),
(623,	261,	10,	'SMS Only'),
(625,	261,	11,	'Test'),
(627,	263,	6,	''),
(629,	263,	7,	''),
(631,	263,	10,	''),
(633,	263,	11,	'');

CREATE TABLE `tbl_qnans_mst` (
  `id` int(11) NOT NULL AUTO_INCREMENT,
  `camp_id` int(11) DEFAULT NULL,
  `contact_no` int(11) DEFAULT NULL,
  `contact_name` varchar(255) DEFAULT NULL,
  `primary_contact` varchar(20) DEFAULT NULL,
  `userid` int(11) DEFAULT NULL,
  `created_datetime` datetime DEFAULT NULL,
  `disp` varchar(255) DEFAULT NULL,
  PRIMARY KEY (`id`) USING BTREE
) ENGINE=MyISAM DEFAULT CHARSET=latin1;

INSERT INTO `tbl_qnans_mst` (`id`, `camp_id`, `contact_no`, `contact_name`, `primary_contact`, `userid`, `created_datetime`, `disp`) VALUES
(1,	1,	1,	'Tashi',	'778352168',	59,	'2021-05-06 12:39:42',	NULL),
(2,	1,	1,	'Tashi',	'778352168',	59,	'2021-05-06 12:40:22',	NULL),
(3,	1,	1,	'Tashi',	'778352168',	135,	'2021-05-06 13:26:08',	NULL),
(4,	1,	1,	'Tashi',	'778352168',	135,	'2021-05-06 13:26:22',	NULL),
(5,	1,	1,	'Tashi',	'778352168',	135,	'2021-05-06 13:29:31',	NULL),
(6,	1,	1,	'Tashi',	'778352168',	135,	'2021-05-06 13:31:38',	NULL),
(7,	1,	1,	'Tashi',	'778352168',	135,	'2021-05-06 13:32:12',	NULL),
(8,	1,	1,	'Tashi',	'778352168',	59,	'2021-05-06 13:38:00',	NULL),
(9,	1,	1,	'Tashi',	'778352168',	59,	'2021-05-06 13:39:22',	NULL),
(10,	1,	1,	'Tashi',	'778352168',	59,	'2021-05-06 13:41:29',	NULL),
(11,	1,	1,	'Tashi',	'778352168',	59,	'2021-05-06 13:44:26',	NULL),
(12,	1,	1,	'Tashi',	'778352168',	59,	'2021-05-06 13:45:02',	NULL),
(13,	1,	1,	'Tashi',	'778352168',	59,	'2021-05-06 13:45:11',	NULL),
(14,	1,	1,	'Tashi',	'778352168',	59,	'2021-05-06 13:45:55',	NULL),
(15,	1,	1,	'Tashi',	'778352168',	59,	'2021-05-06 13:46:00',	NULL),
(16,	1,	1,	'Tashi',	'778352168',	59,	'2021-05-06 13:46:30',	NULL),
(17,	1,	1,	'Tashi',	'778352168',	59,	'2021-05-06 13:46:46',	NULL),
(18,	1,	1,	'Tashi',	'778352168',	59,	'2021-05-06 14:02:58',	NULL),
(19,	1,	11,	'Braba',	'716552026',	134,	'2021-05-25 17:52:00',	NULL),
(20,	1,	11,	'Braba',	'716552026',	135,	'2021-05-25 18:36:10',	NULL),
(21,	1,	11,	'Braba',	'716552026',	134,	'2021-05-25 19:07:54',	NULL),
(22,	1,	1,	'Tashi',	'778352168',	134,	'2021-05-25 19:15:54',	NULL),
(23,	1,	1,	'Tashi',	'778352168',	134,	'2021-05-25 19:21:14',	NULL),
(24,	1,	1,	'Tashi',	'778352168',	134,	'2021-05-25 19:28:27',	NULL),
(25,	1,	11,	'Braba',	'716552026',	134,	'2021-05-25 19:29:32',	NULL),
(26,	1,	11,	'Braba',	'716552026',	134,	'2021-05-25 19:52:10',	NULL),
(27,	1,	11,	'Braba',	'716552026',	134,	'2021-05-25 19:53:35',	NULL),
(28,	1,	11,	'Braba',	'716552026',	134,	'2021-05-25 19:55:40',	NULL),
(29,	1,	11,	'Braba',	'716552026',	134,	'2021-05-25 20:32:12',	NULL),
(30,	5,	25,	'Madhushika',	'714230885',	134,	'2021-05-28 10:16:51',	NULL),
(31,	5,	25,	'Madhushika',	'714230885',	134,	'2021-05-28 10:19:00',	NULL),
(32,	5,	23,	'Sachith',	'757602040',	134,	'2021-05-28 10:19:43',	NULL),
(33,	5,	24,	'Vinod',	'769167753',	134,	'2021-05-28 10:20:35',	NULL),
(34,	6,	25,	'Madhushika',	'714230885',	134,	'2021-05-28 10:30:06',	NULL),
(35,	7,	25,	'Madhushika',	'714230885',	134,	'2021-05-28 10:39:23',	NULL),
(36,	7,	11,	'Braba',	'716552026',	134,	'2021-05-28 10:40:37',	NULL),
(37,	7,	23,	'Sachith',	'757602040',	134,	'2021-05-28 10:41:37',	NULL),
(38,	7,	24,	'Vinod',	'769167753',	134,	'2021-05-28 10:42:26',	NULL),
(39,	9,	25,	'Madhushika',	'714230885',	134,	'2021-05-30 18:14:52',	NULL),
(40,	9,	11,	'Braba',	'716552026',	134,	'2021-05-30 18:15:57',	NULL),
(41,	9,	23,	'Sachith',	'757602040',	134,	'2021-05-30 18:17:51',	NULL),
(42,	9,	23,	'Sachith',	'757602040',	134,	'2021-05-30 18:18:22',	NULL),
(43,	9,	23,	'Sachith',	'757602040',	134,	'2021-05-30 18:18:55',	NULL),
(44,	9,	11,	'Braba',	'716552026',	134,	'2021-05-30 19:11:05',	NULL),
(45,	11,	25,	'Madhushika',	'714230885',	134,	'2021-05-31 22:03:05',	NULL),
(46,	11,	11,	'Braba',	'716552026',	134,	'2021-05-31 22:17:21',	NULL),
(47,	11,	24,	'Vinod',	'769167753',	134,	'2021-05-31 22:21:00',	NULL),
(48,	13,	25,	'Madhushika',	'714230885',	59,	'2021-06-17 17:22:57',	NULL),
(49,	13,	11,	'Braba',	'716552026',	59,	'2021-06-17 17:23:35',	NULL),
(50,	13,	23,	'Sachith',	'757602040',	59,	'2021-06-17 17:24:25',	NULL),
(51,	13,	24,	'Vinod',	'769167753',	59,	'2021-06-17 17:25:05',	NULL),
(52,	13,	42,	'pasindu',	'775223154',	59,	'2021-06-17 17:25:58',	NULL),
(53,	13,	36,	'support',	'777805804',	59,	'2021-06-17 17:26:52',	NULL),
(54,	13,	36,	'support',	'777805804',	59,	'2021-06-17 17:29:25',	NULL),
(55,	13,	36,	'support',	'777805804',	59,	'2021-06-17 17:31:27',	NULL),
(56,	16,	25,	'Madhushika',	'714230885',	134,	'2021-06-22 11:22:06',	NULL),
(57,	16,	11,	'Braba',	'716552026',	134,	'2021-06-22 11:22:43',	NULL),
(58,	16,	42,	'pasindu',	'775223154',	72,	'2021-06-22 13:03:11',	NULL),
(59,	16,	36,	'support',	'777805804',	136,	'2021-06-22 13:23:21',	NULL),
(60,	17,	25,	'Madhushika',	'714230885',	136,	'2021-06-22 14:18:06',	NULL),
(61,	17,	11,	'Braba',	'716552026',	136,	'2021-06-22 14:21:03',	NULL),
(62,	18,	9,	'Thasby',	'760194535',	72,	'2021-06-22 18:17:38',	NULL),
(63,	18,	9,	'Thasby',	'760194535',	72,	'2021-06-22 18:27:04',	NULL),
(64,	18,	8,	'Charini',	'772423425',	72,	'2021-06-22 18:28:08',	NULL),
(65,	18,	8,	'Charini',	'772423425',	72,	'2021-06-22 18:31:17',	NULL),
(66,	17,	23,	'Sachith',	'757602040',	136,	'2021-06-22 19:35:26',	NULL),
(67,	17,	24,	'Vinod',	'769167753',	136,	'2021-06-22 19:36:13',	NULL),
(68,	17,	36,	'support',	'777805804',	136,	'2021-06-22 19:41:36',	NULL),
(69,	17,	24,	'Vinod',	'769167753',	136,	'2021-06-22 22:53:10',	NULL),
(70,	17,	24,	'Vinod',	'769167753',	136,	'2021-06-22 22:54:21',	NULL),
(71,	17,	36,	'support',	'777805804',	136,	'2021-06-22 22:54:59',	NULL),
(72,	17,	24,	'Vinod',	'769167753',	136,	'2021-06-22 22:56:44',	NULL),
(73,	17,	36,	'support',	'777805804',	136,	'2021-06-22 22:58:29',	NULL),
(74,	17,	25,	'Madhushika',	'714230885',	136,	'2021-06-22 23:07:17',	NULL),
(75,	17,	11,	'Braba',	'716552026',	136,	'2021-06-22 23:13:09',	NULL),
(76,	17,	25,	'Madhushika',	'714230885',	136,	'2021-06-22 23:14:15',	NULL),
(77,	17,	11,	'Braba',	'716552026',	136,	'2021-06-22 23:14:46',	NULL),
(78,	19,	25,	'Madhushika',	'714230885',	136,	'2021-06-22 23:23:53',	NULL),
(79,	19,	11,	'Braba',	'716552026',	136,	'2021-06-22 23:36:39',	NULL),
(80,	19,	23,	'Sachith',	'757602040',	136,	'2021-06-22 23:41:23',	NULL),
(81,	19,	24,	'Vinod',	'769167753',	136,	'2021-06-23 00:17:09',	NULL),
(82,	19,	42,	'pasindu',	'775223154',	136,	'2021-06-23 00:31:11',	NULL),
(83,	19,	42,	'pasindu',	'775223154',	136,	'2021-06-23 00:37:26',	NULL),
(84,	19,	42,	'pasindu',	'775223154',	136,	'2021-06-23 00:37:56',	NULL),
(85,	20,	25,	'Madhushika',	'714230885',	121,	'2021-06-23 10:10:40',	NULL),
(86,	20,	11,	'Braba',	'716552026',	121,	'2021-06-23 10:13:04',	NULL),
(87,	20,	23,	'Sachith',	'757602040',	121,	'2021-06-23 11:58:33',	NULL),
(88,	20,	36,	'support',	'777805804',	72,	'2021-06-23 13:43:30',	NULL),
(89,	20,	25,	'Madhushika',	'714230885',	72,	'2021-06-23 13:44:47',	NULL),
(90,	20,	25,	'Madhushika',	'714230885',	72,	'2021-06-23 13:48:08',	NULL),
(91,	20,	25,	'Madhushika',	'714230885',	72,	'2021-06-23 13:49:00',	NULL),
(92,	19,	42,	'pasindu',	'775223154',	136,	'2021-06-23 14:37:31',	NULL),
(93,	19,	42,	'pasindu',	'775223154',	136,	'2021-06-23 14:43:29',	NULL),
(94,	19,	42,	'pasindu',	'775223154',	136,	'2021-06-23 15:28:30',	NULL),
(95,	19,	36,	'support',	'777805804',	136,	'2021-06-23 15:30:30',	NULL),
(96,	19,	36,	'support',	'777805804',	136,	'2021-06-23 15:33:05',	NULL),
(97,	19,	11,	'Braba',	'716552026',	136,	'2021-06-23 15:34:00',	NULL),
(98,	19,	25,	'Madhushika',	'714230885',	136,	'2021-06-23 15:35:17',	NULL),
(99,	19,	23,	'Sachith',	'757602040',	136,	'2021-06-23 15:35:50',	NULL),
(100,	19,	24,	'Vinod',	'769167753',	136,	'2021-06-23 15:49:00',	NULL),
(101,	19,	36,	'support',	'777805804',	136,	'2021-06-23 15:50:41',	NULL),
(102,	19,	24,	'Vinod',	'769167753',	136,	'2021-06-23 15:51:35',	NULL),
(103,	19,	23,	'Sachith',	'757602040',	136,	'2021-06-23 15:52:03',	NULL),
(104,	19,	25,	'Madhushika',	'714230885',	136,	'2021-06-23 15:52:44',	NULL),
(105,	19,	11,	'Braba',	'716552026',	136,	'2021-06-23 15:53:15',	NULL),
(106,	21,	11,	'Braba',	'716552026',	136,	'2021-06-23 16:36:05',	NULL),
(107,	21,	23,	'Sachith',	'757602040',	136,	'2021-06-23 16:52:10',	NULL),
(108,	21,	11,	'Braba',	'716552026',	136,	'2021-06-23 16:52:51',	NULL),
(109,	21,	23,	'Sachith',	'757602040',	136,	'2021-06-23 16:53:26',	NULL),
(110,	21,	11,	'Braba',	'716552026',	136,	'2021-06-23 16:55:22',	NULL),
(111,	21,	23,	'Sachith',	'757602040',	136,	'2021-06-23 16:56:26',	NULL),
(112,	22,	11,	'Braba',	'716552026',	136,	'2021-06-23 17:26:24',	NULL),
(113,	22,	23,	'Sachith',	'757602040',	136,	'2021-06-23 17:27:07',	NULL),
(114,	22,	11,	'Braba',	'716552026',	136,	'2021-06-23 17:27:35',	NULL),
(115,	22,	11,	'Braba',	'716552026',	136,	'2021-06-23 17:28:14',	NULL),
(116,	23,	11,	'Braba',	'716552026',	136,	'2021-06-23 18:16:07',	NULL),
(117,	23,	11,	'Braba',	'716552026',	136,	'2021-06-23 18:22:17',	NULL),
(118,	23,	23,	'Sachith',	'757602040',	136,	'2021-06-23 18:23:16',	NULL),
(119,	23,	11,	'Braba',	'716552026',	136,	'2021-06-23 18:28:14',	NULL),
(120,	23,	11,	'Braba',	'716552026',	136,	'2021-06-23 18:36:20',	NULL),
(121,	23,	11,	'Braba',	'716552026',	136,	'2021-06-23 18:37:28',	NULL),
(122,	24,	22,	'Sanjeewa',	'716552026',	136,	'2021-06-23 18:47:16',	NULL),
(123,	24,	23,	'Sachith',	'757602040',	136,	'2021-06-23 18:48:07',	NULL),
(124,	24,	22,	'Sanjeewa',	'716552026',	136,	'2021-06-23 18:48:47',	NULL),
(125,	24,	23,	'Sachith',	'757602040',	136,	'2021-06-23 18:50:58',	NULL),
(126,	24,	22,	'Sanjeewa',	'716552026',	136,	'2021-06-23 18:55:27',	NULL),
(127,	14,	8,	'Charini',	'772423425',	121,	'2021-06-25 12:10:31',	NULL),
(128,	26,	22,	'Sanjeewa',	'716552026',	73,	'2021-06-28 16:35:35',	NULL),
(129,	27,	9,	'Thasby',	'760194535',	121,	'2021-07-22 18:27:59',	NULL),
(130,	27,	8,	'Charini',	'772423425',	121,	'2021-07-22 18:28:33',	NULL),
(131,	27,	10,	'Bashini',	'2147483647',	121,	'2021-07-22 18:29:47',	NULL),
(132,	27,	10,	'Bashini',	'2147483647',	121,	'2021-07-22 18:37:55',	NULL),
(133,	27,	9,	'Thasby',	'760194535',	121,	'2021-07-29 14:38:40',	NULL),
(134,	28,	22,	'Sanjeewa',	'716552026',	135,	'2021-07-30 12:02:57',	NULL),
(135,	28,	23,	'Sachith',	'757602040',	135,	'2021-07-30 12:03:37',	NULL),
(136,	30,	120,	'sanjeewa',	'716552026',	134,	'2021-08-02 11:07:43',	NULL),
(137,	30,	120,	'sanjeewa',	'716552026',	134,	'2021-08-02 11:48:35',	NULL),
(138,	32,	124,	'Tashi',	'716552026',	59,	'2021-08-03 13:34:14',	NULL),
(139,	32,	123,	'Braba',	'777805804',	59,	'2021-08-03 13:35:14',	NULL),
(140,	33,	126,	'Tashi',	'716552026',	59,	'2021-08-03 14:36:14',	NULL),
(141,	35,	132,	'Charini',	'772423425',	121,	'2021-08-04 16:43:47',	NULL),
(142,	35,	130,	'Bashini',	'2147483647',	121,	'2021-08-04 16:47:00',	NULL),
(143,	38,	138,	'HL',	'777805804',	135,	'2021-08-06 14:06:48',	NULL),
(144,	39,	118,	'Sachith',	'757602040',	135,	'2021-08-06 16:36:17',	NULL),
(145,	40,	141,	'INT',	'0097152789',	135,	'2021-08-06 16:44:46',	NULL),
(146,	40,	142,	'HL',	'757602040',	135,	'2021-08-06 16:45:59',	NULL),
(147,	40,	141,	'INT',	'0097152789',	135,	'2021-08-06 16:47:37',	NULL),
(148,	40,	141,	'INT',	'0097152789',	135,	'2021-08-06 16:48:57',	NULL),
(149,	41,	143,	'INT',	'00971527893705',	135,	'2021-08-06 17:23:09',	NULL),
(150,	41,	144,	'HL',	'757602040',	135,	'2021-08-06 17:24:24',	NULL),
(151,	42,	145,	'INT',	'00971527893705',	135,	'2021-08-06 17:30:16',	NULL),
(152,	42,	146,	'HL',	'757602040',	135,	'2021-08-06 17:31:28',	NULL),
(153,	42,	145,	'INT',	'00971527893705',	135,	'2021-08-06 17:34:52',	NULL),
(154,	44,	153,	'Bashini',	'00971527893705',	121,	'2021-08-14 15:31:14',	NULL),
(155,	46,	156,	'Bashini',	'00971527893705',	121,	'2021-08-14 20:01:10',	NULL),
(156,	46,	155,	'Thasby',	'760194535',	121,	'2021-08-14 20:12:02',	NULL),
(157,	46,	155,	'Thasby',	'760194535',	121,	'2021-08-16 10:14:27',	NULL),
(158,	46,	157,	'Charini',	'772423425',	121,	'2021-08-16 10:19:54',	NULL),
(159,	46,	157,	'Charini',	'772423425',	121,	'2021-08-16 11:24:12',	NULL),
(160,	47,	158,	'Bashini',	'00971527893705',	121,	'2021-08-16 11:52:27',	NULL),
(161,	47,	160,	'Thasby',	'760194535',	121,	'2021-08-16 11:53:16',	NULL),
(162,	47,	159,	'Charini',	'772423425',	121,	'2021-08-16 11:53:49',	NULL),
(163,	47,	159,	'Charini',	'772423425',	121,	'2021-08-16 11:55:30',	NULL),
(164,	47,	159,	'Charini',	'772423425',	121,	'2021-08-16 11:56:17',	NULL),
(165,	48,	162,	'Braba',	'714230885',	134,	'2021-08-16 13:11:14',	NULL),
(166,	48,	161,	'Tashi',	'716552026',	134,	'2021-08-16 13:12:02',	NULL),
(167,	50,	167,	'Bashini',	'00971527893705',	121,	'2021-08-17 16:41:43',	NULL),
(168,	50,	168,	'Thasby',	'760194535',	121,	'2021-08-17 16:42:25',	NULL),
(169,	50,	166,	'Charini',	'772423425',	121,	'2021-08-17 16:43:15',	NULL),
(170,	51,	169,	'Bashini',	'00971527893705',	74,	'2021-08-19 12:08:41',	NULL),
(171,	51,	171,	'Thasby',	'760194535',	74,	'2021-08-19 12:09:47',	NULL),
(172,	51,	170,	'Charini',	'772423425',	74,	'2021-08-19 12:11:10',	NULL),
(173,	51,	170,	'Charini',	'772423425',	74,	'2021-08-19 12:11:29',	NULL),
(174,	52,	172,	'Bashini',	'00971527893705',	74,	'2021-09-29 16:18:17',	NULL),
(175,	52,	173,	'Thasby',	'760194535',	74,	'2021-09-29 16:19:47',	NULL),
(176,	52,	173,	'Thasby',	'760194535',	74,	'2021-09-29 16:20:09',	NULL),
(177,	52,	174,	'Charini',	'772423425',	74,	'2021-09-29 16:20:49',	NULL),
(178,	52,	173,	'Thasby',	'760194535',	74,	'2021-09-29 16:21:41',	NULL),
(179,	52,	173,	'Thasby',	'760194535',	74,	'2021-09-29 16:21:52',	NULL),
(180,	52,	173,	'Thasby',	'760194535',	74,	'2021-09-29 16:47:50',	NULL),
(181,	12,	174,	'Charini',	'772423425',	71,	'2021-10-03 22:01:10',	NULL),
(182,	53,	176,	'Braba',	'777805804',	137,	'2021-11-22 11:08:00',	NULL),
(183,	53,	176,	'Braba',	'777805804',	137,	'2021-11-22 11:16:05',	NULL),
(184,	53,	176,	'Braba',	'777805804',	137,	'2021-11-22 11:18:36',	NULL),
(185,	54,	177,	'Tashi',	'716552026',	138,	'2021-11-22 13:37:51',	NULL),
(186,	54,	178,	'Braba',	'777805804',	138,	'2021-11-22 13:38:41',	NULL),
(187,	54,	178,	'Braba',	'777805804',	138,	'2021-11-22 13:39:26',	NULL),
(189,	55,	179,	'sanjeewa',	'716552026',	139,	'2021-11-29 11:59:37',	NULL),
(191,	57,	183,	'sanjeewa',	'716552026',	134,	'2021-11-29 13:28:52',	NULL),
(193,	57,	185,	'iphonik',	'777805804',	134,	'2021-11-29 13:31:24',	NULL),
(195,	59,	187,	'sanjeewa',	'716552026',	134,	'2021-11-29 13:35:21',	NULL),
(197,	59,	189,	'iphonik',	'777805804',	134,	'2021-11-29 13:36:54',	NULL),
(199,	59,	189,	'iphonik',	'777805804',	134,	'2021-11-29 13:39:56',	NULL),
(201,	59,	187,	'sanjeewa',	'716552026',	134,	'2021-11-29 13:40:24',	NULL),
(203,	59,	187,	'sanjeewa',	'716552026',	134,	'2021-11-29 13:40:42',	NULL),
(205,	59,	189,	'iphonik',	'777805804',	134,	'2021-11-29 13:42:16',	NULL),
(207,	59,	189,	'iphonik',	'777805804',	134,	'2021-11-29 13:46:11',	NULL),
(209,	59,	189,	'iphonik',	'777805804',	134,	'2021-11-29 13:48:42',	NULL),
(211,	59,	189,	'iphonik',	'777805804',	134,	'2021-11-29 13:51:04',	NULL),
(213,	59,	189,	'iphonik',	'777805804',	134,	'2021-11-29 14:26:23',	NULL),
(215,	61,	191,	'sanjeewa',	'716552026',	134,	'2021-11-29 14:37:40',	NULL),
(217,	61,	193,	'iphonik',	'777805804',	134,	'2021-11-29 14:39:07',	NULL),
(219,	63,	199,	'sanjeewa',	'716552026',	134,	'2021-11-29 16:22:31',	NULL),
(221,	63,	201,	'iphonik',	'777805804',	134,	'2021-11-29 16:23:20',	NULL),
(223,	63,	199,	'sanjeewa',	'716552026',	134,	'2021-11-29 16:24:28',	NULL),
(225,	63,	201,	'iphonik',	'777805804',	134,	'2021-11-29 16:26:17',	NULL),
(227,	63,	199,	'sanjeewa',	'716552026',	134,	'2021-11-29 16:26:52',	NULL),
(229,	63,	201,	'iphonik',	'777805804',	134,	'2021-11-29 16:28:15',	NULL),
(230,	64,	204,	'sanjeewa',	'716552026',	134,	'2021-11-30 09:25:59',	NULL),
(232,	64,	202,	'iphonik',	'777805804',	134,	'2021-11-30 09:27:57',	NULL),
(233,	64,	202,	'iphonik',	'777805804',	134,	'2021-11-30 09:50:33',	NULL),
(235,	64,	207,	'hikka',	'740055461',	134,	'2021-11-30 10:11:10',	NULL),
(237,	64,	205,	'Samith',	'776546061',	134,	'2021-11-30 10:12:08',	NULL),
(239,	69,	215,	'sanjeewa',	'716552026',	139,	'2021-11-30 12:13:56',	NULL),
(241,	69,	217,	'iphonik',	'777805804',	139,	'2021-11-30 12:15:28',	NULL),
(243,	69,	217,	'iphonik',	'777805804',	139,	'2021-11-30 12:20:40',	NULL),
(245,	69,	217,	'iphonik',	'777805804',	139,	'2021-11-30 12:21:22',	NULL),
(247,	71,	219,	'sanjeewa',	'716552026',	139,	'2021-12-01 09:13:38',	NULL),
(249,	71,	221,	'iphonik',	'777805804',	139,	'2021-12-01 09:14:30',	NULL),
(251,	71,	219,	'sanjeewa',	'716552026',	139,	'2021-12-01 09:16:05',	NULL),
(253,	71,	221,	'iphonik',	'777805804',	139,	'2021-12-01 09:17:40',	NULL),
(255,	71,	219,	'sanjeewa',	'716552026',	139,	'2021-12-01 09:19:03',	NULL),
(257,	71,	221,	'iphonik',	'777805804',	139,	'2021-12-01 09:20:25',	NULL),
(259,	73,	227,	'Bashini',	'00971527893705',	115,	'2021-12-08 17:16:43',	NULL),
(261,	73,	225,	'Thasbeeha',	'0760194535',	115,	'2021-12-08 17:17:29',	NULL),
(263,	73,	223,	'Charini',	'772423425',	115,	'2021-12-08 17:19:07',	NULL);

CREATE TABLE `tbl_qnopt_det` (
  `id` int(11) NOT NULL AUTO_INCREMENT,
  `qn_id` int(11) DEFAULT NULL,
  `qnopt_name` varchar(255) DEFAULT NULL,
  PRIMARY KEY (`id`) USING BTREE
) ENGINE=MyISAM DEFAULT CHARSET=latin1;

INSERT INTO `tbl_qnopt_det` (`id`, `qn_id`, `qnopt_name`) VALUES
(1,	1,	'new option'),
(2,	1,	'etc'),
(5,	2,	'Yes'),
(4,	3,	'yes'),
(6,	2,	'No'),
(7,	4,	'Yes'),
(8,	4,	'No'),
(9,	5,	'Full Name'),
(10,	6,	'SMS Alerts'),
(11,	6,	'E-Statement'),
(12,	6,	'Both'),
(17,	7,	'Pending for Verification'),
(16,	7,	'Verification Complete'),
(18,	7,	'Out of criteria'),
(19,	8,	'Department'),
(20,	8,	'Your Name'),
(21,	8,	'City Name'),
(22,	8,	'Customer Name'),
(23,	9,	''),
(24,	10,	'SMS Only'),
(25,	10,	'E-Statement Only'),
(26,	10,	'Both'),
(27,	11,	'');

CREATE TABLE `tbl_qnsrvy_det` (
  `id` int(11) NOT NULL AUTO_INCREMENT,
  `qnsrvy_id` int(11) NOT NULL,
  `qn_id` int(11) NOT NULL,
  PRIMARY KEY (`id`) USING BTREE
) ENGINE=MyISAM DEFAULT CHARSET=latin1;

INSERT INTO `tbl_qnsrvy_det` (`id`, `qnsrvy_id`, `qn_id`) VALUES
(3,	1,	1),
(2,	2,	1),
(4,	4,	2),
(5,	5,	3),
(6,	6,	4),
(7,	3,	5),
(13,	7,	7),
(12,	7,	6),
(10,	8,	8),
(11,	8,	9),
(14,	7,	10),
(15,	7,	11);

CREATE TABLE `tbl_qnsrvy_mst` (
  `id` int(11) NOT NULL AUTO_INCREMENT,
  `qnsrvy_name` varchar(255) DEFAULT NULL,
  `description` varchar(255) DEFAULT NULL,
  `status` char(1) DEFAULT NULL,
  `cre_userid` int(11) DEFAULT NULL,
  `cre_datetime` datetime DEFAULT NULL,
  `modified_userid` int(11) DEFAULT NULL,
  `modified_datetime` datetime DEFAULT NULL,
  PRIMARY KEY (`id`) USING BTREE
) ENGINE=MyISAM DEFAULT CHARSET=latin1;

INSERT INTO `tbl_qnsrvy_mst` (`id`, `qnsrvy_name`, `description`, `status`, `cre_userid`, `cre_datetime`, `modified_userid`, `modified_datetime`) VALUES
(1,	'test',	'test',	'0',	135,	'2021-05-06 13:35:08',	135,	'2021-05-25 20:00:05'),
(2,	'test',	'test',	'0',	135,	'2021-05-25 19:59:30',	NULL,	NULL),
(3,	'TestIphonik',	'Test',	'0',	135,	'2021-05-30 18:09:13',	1,	'2021-06-22 14:14:14'),
(4,	'TestIphonik',	'Test',	'0',	135,	'2021-05-30 18:09:58',	NULL,	NULL),
(5,	'test11',	'test',	'0',	135,	'2021-05-31 21:42:10',	NULL,	NULL),
(6,	'Details',	'Details',	'0',	1,	'2021-06-22 13:58:23',	NULL,	NULL),
(7,	'SMS Alert Campaign',	'SMS Alert Campaign',	'1',	121,	'2021-08-13 16:33:35',	121,	'2021-08-17 16:35:19'),
(8,	'Promotion Campaign',	'Promotion Campaign 1',	'0',	135,	'2021-08-16 13:04:58',	NULL,	NULL);

CREATE TABLE `tbl_qntype_mst` (
  `id` int(11) NOT NULL AUTO_INCREMENT,
  `qntype_name` varchar(255) DEFAULT NULL,
  `elmt_type` varchar(100) DEFAULT NULL,
  `minoptcount` int(11) DEFAULT NULL,
  `maxoptcount` int(11) DEFAULT NULL,
  `status` char(1) DEFAULT NULL,
  PRIMARY KEY (`id`) USING BTREE
) ENGINE=MyISAM DEFAULT CHARSET=latin1;

INSERT INTO `tbl_qntype_mst` (`id`, `qntype_name`, `elmt_type`, `minoptcount`, `maxoptcount`, `status`) VALUES
(1,	'Yes / No',	'redio',	2,	2,	'1'),
(2,	'Multiple choice',	'checkbox',	1,	10,	'1'),
(3,	'Single choice',	'ddl',	1,	5,	'1'),
(4,	'Text Field',	'text',	0,	0,	'1');

CREATE TABLE `tbl_qn_mst` (
  `id` int(11) NOT NULL AUTO_INCREMENT,
  `qn_name` varchar(255) DEFAULT NULL,
  `qntype_id` int(11) DEFAULT NULL,
  `tags` text DEFAULT NULL,
  `status` char(1) DEFAULT NULL,
  `cre_userid` int(11) DEFAULT NULL,
  `cre_datetime` datetime DEFAULT NULL,
  `modified_userid` int(11) DEFAULT NULL,
  `modified_datetime` datetime DEFAULT NULL,
  PRIMARY KEY (`id`) USING BTREE
) ENGINE=MyISAM DEFAULT CHARSET=latin1;

INSERT INTO `tbl_qn_mst` (`id`, `qn_name`, `qntype_id`, `tags`, `status`, `cre_userid`, `cre_datetime`, `modified_userid`, `modified_datetime`) VALUES
(1,	'test',	1,	NULL,	NULL,	NULL,	NULL,	NULL,	NULL),
(2,	'Email Received?',	1,	'TestTag,TestTag2',	'0',	135,	'2021-05-30 18:08:13',	1,	'2021-06-22 13:26:14'),
(3,	'email reserved?',	1,	NULL,	'0',	135,	'2021-05-31 21:40:14',	NULL,	NULL),
(4,	'Got any mails?',	1,	NULL,	'0',	1,	'2021-06-22 13:56:24',	NULL,	NULL),
(5,	'Full Name',	2,	NULL,	'0',	1,	'2021-06-22 14:13:20',	NULL,	NULL),
(6,	'Required Service',	1,	NULL,	'1',	121,	'2021-08-13 16:29:07',	NULL,	NULL),
(7,	'Status of the Request',	1,	NULL,	'1',	121,	'2021-08-13 16:32:07',	121,	'2021-08-13 16:32:50'),
(8,	'what should be included in your greeting to the customer?',	2,	NULL,	'1',	135,	'2021-08-16 13:02:17',	NULL,	NULL),
(9,	'Do you have any other comments for us',	4,	NULL,	'1',	135,	'2021-08-16 13:03:30',	NULL,	NULL),
(10,	'Required Service',	2,	NULL,	'1',	121,	'2021-08-17 16:34:05',	NULL,	NULL),
(11,	'Rating',	4,	NULL,	'1',	121,	'2021-08-17 16:34:41',	NULL,	NULL);

CREATE TABLE `tbl_stremarks` (
  `id` int(11) NOT NULL AUTO_INCREMENT,
  `st_remarks` varchar(255) DEFAULT NULL,
  `status` char(1) DEFAULT NULL,
  `add_user` int(11) DEFAULT NULL,
  `update_user` int(11) DEFAULT NULL,
  `add_dt` datetime DEFAULT NULL,
  `update_dt` datetime DEFAULT NULL,
  `campaign_id` int(11) DEFAULT NULL,
  PRIMARY KEY (`id`) USING BTREE
) ENGINE=MyISAM DEFAULT CHARSET=latin1;

INSERT INTO `tbl_stremarks` (`id`, `st_remarks`, `status`, `add_user`, `update_user`, `add_dt`, `update_dt`, `campaign_id`) VALUES
(13,	'INVALID CLI',	'Y',	123,	NULL,	'2020-05-28 13:56:54',	NULL,	NULL),
(7,	'CUSTOMER REFUSE TO GIVE DETAILS',	'Y',	123,	123,	'2020-05-28 13:53:43',	'2020-05-28 13:55:00',	NULL),
(12,	'CUSTOMER  NO ANSWER',	'Y',	123,	NULL,	'2020-05-28 13:56:15',	NULL,	NULL),
(10,	'NOTICE SEND BY EMAIL',	'N',	123,	NULL,	'2020-05-28 13:54:54',	NULL,	NULL),
(11,	'CUSTOMER BUSY',	'Y',	123,	NULL,	'2020-05-28 13:55:12',	NULL,	NULL),
(14,	'SWITCH OFF',	'Y',	123,	NULL,	'2020-05-28 13:57:10',	NULL,	NULL),
(15,	'CUSTOMER NOT INTERESTED',	'Y',	123,	NULL,	'2020-05-28 13:57:34',	NULL,	NULL),
(16,	'NUMBER BUSY',	'Y',	123,	NULL,	'2020-05-28 13:58:21',	NULL,	NULL),
(17,	'NOTICE SEND BY TEXT MESSAGE',	'Y',	123,	NULL,	'2020-05-28 13:58:33',	NULL,	NULL),
(18,	'CUSTOMER DROPPED THE CALL',	'Y',	123,	NULL,	'2020-05-28 14:00:09',	NULL,	NULL),
(19,	'COMPANY NO',	'Y',	123,	NULL,	'2020-05-28 14:00:37',	NULL,	NULL),
(20,	'VEHICLE SOLD',	'Y',	123,	NULL,	'2020-05-28 14:06:56',	NULL,	NULL),
(21,	'CUSTOMER SHIFTED TO A THIRD PARTY INSURANCE',	'Y',	123,	NULL,	'2020-05-28 14:09:13',	NULL,	NULL),
(22,	'CUSTOMER SHIFTED TO A  FULL INSURANCE',	'Y',	123,	NULL,	'2020-05-28 14:09:43',	NULL,	NULL),
(23,	'SCHEDULE',	'Y',	123,	NULL,	'2020-05-28 14:11:27',	NULL,	NULL),
(24,	'VEHICLE NOT IN USE (CONDEMNED OR UNDER REPAIR)',	'Y',	123,	NULL,	'2020-05-28 14:13:21',	NULL,	NULL),
(25,	'INSURANCE CHANGED BY LEASING COMPANY / LEASE SETTLED',	'Y',	123,	NULL,	'2020-05-28 14:14:13',	NULL,	NULL),
(26,	'AS PER THE CUSTOMER  HE DOES N\'T HAVE A POLICY WITH US',	'Y',	123,	NULL,	'2020-05-28 14:16:01',	NULL,	NULL),
(27,	'AS PER THE CUSTOMER VEHICLE NOT BELONGS TO HIM',	'Y',	123,	NULL,	'2020-05-28 14:17:29',	NULL,	NULL),
(28,	'INCORRECT POLICY DETAILS',	'Y',	123,	NULL,	'2020-05-28 14:18:02',	NULL,	NULL),
(29,	'test',	'Y',	1,	NULL,	'2020-06-18 15:01:51',	NULL,	1);

CREATE TABLE `tbl_subremarks` (
  `id` int(12) NOT NULL AUTO_INCREMENT,
  `remark_id` int(11) NOT NULL,
  `campaign_id` int(11) NOT NULL,
  `sub_remark` varchar(300) NOT NULL,
  `status` char(1) NOT NULL,
  `add_user` int(12) NOT NULL,
  `update_user` int(12) NOT NULL,
  `create_data` datetime NOT NULL,
  `update date` datetime NOT NULL,
  PRIMARY KEY (`id`) USING BTREE
) ENGINE=MyISAM DEFAULT CHARSET=latin1;

INSERT INTO `tbl_subremarks` (`id`, `remark_id`, `campaign_id`, `sub_remark`, `status`, `add_user`, `update_user`, `create_data`, `update date`) VALUES
(1,	29,	1,	'test 1',	'Y',	1,	0,	'2020-06-18 15:07:11',	'0000-00-00 00:00:00');

CREATE TABLE `tbl_tmldr_agnt_allo` (
  `id` int(11) NOT NULL AUTO_INCREMENT,
  `tmldr_userid` int(11) NOT NULL,
  `agnt_userid` int(20) NOT NULL,
  `cre_datetime` datetime DEFAULT NULL,
  `cre_userid` int(11) DEFAULT NULL,
  PRIMARY KEY (`id`,`tmldr_userid`,`agnt_userid`) USING BTREE
) ENGINE=MyISAM DEFAULT CHARSET=latin1;


CREATE TABLE `tbl_tmldr_queue_allo` (
  `id` int(11) NOT NULL AUTO_INCREMENT,
  `tmldr_userid` int(11) NOT NULL,
  `queue_id` int(20) NOT NULL,
  `cre_datetime` datetime DEFAULT NULL,
  `cre_userid` int(11) DEFAULT NULL,
  PRIMARY KEY (`id`,`tmldr_userid`,`queue_id`) USING BTREE
) ENGINE=MyISAM DEFAULT CHARSET=latin1;


CREATE TABLE `tbl_user_allocation` (
  `id` int(11) NOT NULL AUTO_INCREMENT,
  `allo_user` int(11) DEFAULT NULL,
  `level_one` varchar(1000) DEFAULT NULL,
  `level_two` varchar(1000) DEFAULT NULL,
  `level_three` varchar(1000) DEFAULT NULL,
  `add_dt` datetime DEFAULT NULL,
  `update_dt` datetime DEFAULT NULL,
  `user` int(11) DEFAULT NULL,
  `update_user` int(11) DEFAULT NULL,
  PRIMARY KEY (`id`) USING BTREE,
  UNIQUE KEY `allo_user` (`allo_user`) USING BTREE
) ENGINE=MyISAM DEFAULT CHARSET=latin1;

INSERT INTO `tbl_user_allocation` (`id`, `allo_user`, `level_one`, `level_two`, `level_three`, `add_dt`, `update_dt`, `user`, `update_user`) VALUES
(107,	65,	'',	'1,37,113',	'1,2,113',	'2019-09-03 10:27:23',	'2021-09-30 08:36:43',	1,	121),
(106,	64,	'',	'',	NULL,	'2019-09-03 10:27:10',	'2021-09-30 08:36:34',	1,	121),
(105,	62,	'',	'34',	NULL,	'2019-09-03 10:26:57',	'2021-07-30 02:24:01',	1,	121),
(108,	135,	'68',	'2,3,4,5,6,7,8,9,68,39',	'1,2,3,4,5,6,7,8,9,68,383,39',	'2021-04-29 01:44:19',	'2021-09-30 08:38:30',	4,	121),
(109,	133,	'1,5,2,3,8,23,4,7,9,6,10,20,11,12,19,18,17,13,16,14,15,24,25,26,27',	'',	'1,2',	'2021-05-08 08:10:17',	'2021-09-30 08:36:34',	135,	121),
(110,	136,	'',	'43',	'2,43',	'2021-05-08 08:10:17',	'2021-09-30 08:36:34',	135,	121),
(111,	140,	'',	'2',	'2',	'2021-05-08 08:10:17',	'2021-08-14 09:33:56',	135,	121),
(112,	121,	'1,5,2,3,8,23,4,7,9,6,10,20,11,12,19,18,17,13,16,14,15,24,25,26,27',	'',	'1',	'2021-07-30 02:24:01',	'2021-09-30 08:36:34',	121,	121),
(113,	71,	'1,5,2,3,8,23,4,7,9,6,10,20,11,12,19,18,17,13,16,14,15,24,25,26,27',	'',	'1',	'2021-08-04 05:00:27',	'2021-09-30 08:36:34',	71,	121),
(114,	115,	'1,5,2,3,8,23,4,7,9,6,10,20,11,12,19,18,17,13,16,14,15,24,25,26,27',	'',	'1',	'2021-08-04 05:00:27',	'2021-09-30 08:36:34',	71,	121);

-- 2022-01-06 08:07:45
